-- MySQL dump 10.13  Distrib 5.5.47, for debian-linux-gnu (x86_64)
--
-- Host: localhost    Database: bedrock
-- ------------------------------------------------------
-- Server version	5.5.47-0ubuntu0.14.04.1

/*!40101 SET @OLD_CHARACTER_SET_CLIENT=@@CHARACTER_SET_CLIENT */;
/*!40101 SET @OLD_CHARACTER_SET_RESULTS=@@CHARACTER_SET_RESULTS */;
/*!40101 SET @OLD_COLLATION_CONNECTION=@@COLLATION_CONNECTION */;
/*!40101 SET NAMES utf8 */;
/*!40103 SET @OLD_TIME_ZONE=@@TIME_ZONE */;
/*!40103 SET TIME_ZONE='+00:00' */;
/*!40014 SET @OLD_UNIQUE_CHECKS=@@UNIQUE_CHECKS, UNIQUE_CHECKS=0 */;
/*!40014 SET @OLD_FOREIGN_KEY_CHECKS=@@FOREIGN_KEY_CHECKS, FOREIGN_KEY_CHECKS=0 */;
/*!40101 SET @OLD_SQL_MODE=@@SQL_MODE, SQL_MODE='NO_AUTO_VALUE_ON_ZERO' */;
/*!40111 SET @OLD_SQL_NOTES=@@SQL_NOTES, SQL_NOTES=0 */;

--
-- Table structure for table `auth_group`
--

DROP TABLE IF EXISTS `auth_group`;
/*!40101 SET @saved_cs_client     = @@character_set_client */;
/*!40101 SET character_set_client = utf8 */;
CREATE TABLE `auth_group` (
  `id` int(11) NOT NULL AUTO_INCREMENT,
  `name` varchar(80) NOT NULL,
  PRIMARY KEY (`id`),
  UNIQUE KEY `name` (`name`)
) ENGINE=InnoDB DEFAULT CHARSET=latin1;
/*!40101 SET character_set_client = @saved_cs_client */;

--
-- Dumping data for table `auth_group`
--

LOCK TABLES `auth_group` WRITE;
/*!40000 ALTER TABLE `auth_group` DISABLE KEYS */;
/*!40000 ALTER TABLE `auth_group` ENABLE KEYS */;
UNLOCK TABLES;

--
-- Table structure for table `auth_group_permissions`
--

DROP TABLE IF EXISTS `auth_group_permissions`;
/*!40101 SET @saved_cs_client     = @@character_set_client */;
/*!40101 SET character_set_client = utf8 */;
CREATE TABLE `auth_group_permissions` (
  `id` int(11) NOT NULL AUTO_INCREMENT,
  `group_id` int(11) NOT NULL,
  `permission_id` int(11) NOT NULL,
  PRIMARY KEY (`id`),
  UNIQUE KEY `auth_group_permissions_group_id_0cd325b0_uniq` (`group_id`,`permission_id`),
  KEY `auth_group_permissi_permission_id_84c5c92e_fk_auth_permission_id` (`permission_id`),
  CONSTRAINT `auth_group_permissions_group_id_b120cbf9_fk_auth_group_id` FOREIGN KEY (`group_id`) REFERENCES `auth_group` (`id`),
  CONSTRAINT `auth_group_permissi_permission_id_84c5c92e_fk_auth_permission_id` FOREIGN KEY (`permission_id`) REFERENCES `auth_permission` (`id`)
) ENGINE=InnoDB DEFAULT CHARSET=latin1;
/*!40101 SET character_set_client = @saved_cs_client */;

--
-- Dumping data for table `auth_group_permissions`
--

LOCK TABLES `auth_group_permissions` WRITE;
/*!40000 ALTER TABLE `auth_group_permissions` DISABLE KEYS */;
/*!40000 ALTER TABLE `auth_group_permissions` ENABLE KEYS */;
UNLOCK TABLES;

--
-- Table structure for table `auth_permission`
--

DROP TABLE IF EXISTS `auth_permission`;
/*!40101 SET @saved_cs_client     = @@character_set_client */;
/*!40101 SET character_set_client = utf8 */;
CREATE TABLE `auth_permission` (
  `id` int(11) NOT NULL AUTO_INCREMENT,
  `name` varchar(255) NOT NULL,
  `content_type_id` int(11) NOT NULL,
  `codename` varchar(100) NOT NULL,
  PRIMARY KEY (`id`),
  UNIQUE KEY `auth_permission_content_type_id_01ab375a_uniq` (`content_type_id`,`codename`),
  CONSTRAINT `auth_permissi_content_type_id_2f476e4b_fk_django_content_type_id` FOREIGN KEY (`content_type_id`) REFERENCES `django_content_type` (`id`)
) ENGINE=InnoDB AUTO_INCREMENT=61 DEFAULT CHARSET=latin1;
/*!40101 SET character_set_client = @saved_cs_client */;

--
-- Dumping data for table `auth_permission`
--

LOCK TABLES `auth_permission` WRITE;
/*!40000 ALTER TABLE `auth_permission` DISABLE KEYS */;
INSERT INTO `auth_permission` VALUES (1,'Can add log entry',1,'add_logentry'),(2,'Can change log entry',1,'change_logentry'),(3,'Can delete log entry',1,'delete_logentry'),(4,'Can add permission',2,'add_permission'),(5,'Can change permission',2,'change_permission'),(6,'Can delete permission',2,'delete_permission'),(7,'Can add group',3,'add_group'),(8,'Can change group',3,'change_group'),(9,'Can delete group',3,'delete_group'),(10,'Can add user',4,'add_user'),(11,'Can change user',4,'change_user'),(12,'Can delete user',4,'delete_user'),(13,'Can add content type',5,'add_contenttype'),(14,'Can change content type',5,'change_contenttype'),(15,'Can delete content type',5,'delete_contenttype'),(16,'Can add session',6,'add_session'),(17,'Can change session',6,'change_session'),(18,'Can delete session',6,'delete_session'),(19,'Can add source',7,'add_source'),(20,'Can change source',7,'change_source'),(21,'Can delete source',7,'delete_source'),(22,'Can add thumbnail',8,'add_thumbnail'),(23,'Can change thumbnail',8,'change_thumbnail'),(24,'Can delete thumbnail',8,'delete_thumbnail'),(25,'Can add thumbnail dimensions',9,'add_thumbnaildimensions'),(26,'Can change thumbnail dimensions',9,'change_thumbnaildimensions'),(27,'Can delete thumbnail dimensions',9,'delete_thumbnaildimensions'),(28,'Can add category',10,'add_category'),(29,'Can change category',10,'change_category'),(30,'Can delete category',10,'delete_category'),(31,'Can add product',11,'add_product'),(32,'Can change product',11,'change_product'),(33,'Can delete product',11,'delete_product'),(34,'Can add location',12,'add_location'),(35,'Can change location',12,'change_location'),(36,'Can delete location',12,'delete_location'),(37,'Can add location picture',13,'add_locationpicture'),(38,'Can change location picture',13,'change_locationpicture'),(39,'Can delete location picture',13,'delete_locationpicture'),(40,'Can add job',14,'add_job'),(41,'Can change job',14,'change_job'),(42,'Can delete job',14,'delete_job'),(43,'Can add gallery item',15,'add_galleryitem'),(44,'Can change gallery item',15,'change_galleryitem'),(45,'Can delete gallery item',15,'delete_galleryitem'),(46,'Can add staff member',16,'add_staffmember'),(47,'Can change staff member',16,'change_staffmember'),(48,'Can delete staff member',16,'delete_staffmember'),(49,'Can add project type',17,'add_projecttype'),(50,'Can change project type',17,'change_projecttype'),(51,'Can delete project type',17,'delete_projecttype'),(52,'Can add project',18,'add_project'),(53,'Can change project',18,'change_project'),(54,'Can delete project',18,'delete_project'),(55,'Can add content page',19,'add_contentpage'),(56,'Can change content page',19,'change_contentpage'),(57,'Can delete content page',19,'delete_contentpage'),(58,'Can add menu item',20,'add_menuitem'),(59,'Can change menu item',20,'change_menuitem'),(60,'Can delete menu item',20,'delete_menuitem');
/*!40000 ALTER TABLE `auth_permission` ENABLE KEYS */;
UNLOCK TABLES;

--
-- Table structure for table `auth_user`
--

DROP TABLE IF EXISTS `auth_user`;
/*!40101 SET @saved_cs_client     = @@character_set_client */;
/*!40101 SET character_set_client = utf8 */;
CREATE TABLE `auth_user` (
  `id` int(11) NOT NULL AUTO_INCREMENT,
  `password` varchar(128) NOT NULL,
  `last_login` datetime DEFAULT NULL,
  `is_superuser` tinyint(1) NOT NULL,
  `username` varchar(30) NOT NULL,
  `first_name` varchar(30) NOT NULL,
  `last_name` varchar(30) NOT NULL,
  `email` varchar(254) NOT NULL,
  `is_staff` tinyint(1) NOT NULL,
  `is_active` tinyint(1) NOT NULL,
  `date_joined` datetime NOT NULL,
  PRIMARY KEY (`id`),
  UNIQUE KEY `username` (`username`)
) ENGINE=InnoDB AUTO_INCREMENT=2 DEFAULT CHARSET=latin1;
/*!40101 SET character_set_client = @saved_cs_client */;

--
-- Dumping data for table `auth_user`
--

LOCK TABLES `auth_user` WRITE;
/*!40000 ALTER TABLE `auth_user` DISABLE KEYS */;
INSERT INTO `auth_user` VALUES (1,'pbkdf2_sha256$24000$w19NXAJYcytW$pdrJUXxl7pnm8VqctAYBHgojsTEEbexT7SdebkHkTLw=','2017-03-06 01:48:31',1,'elliott','','','elliott.ohara@gmail.com',1,1,'2016-04-06 19:17:48');
/*!40000 ALTER TABLE `auth_user` ENABLE KEYS */;
UNLOCK TABLES;

--
-- Table structure for table `auth_user_groups`
--

DROP TABLE IF EXISTS `auth_user_groups`;
/*!40101 SET @saved_cs_client     = @@character_set_client */;
/*!40101 SET character_set_client = utf8 */;
CREATE TABLE `auth_user_groups` (
  `id` int(11) NOT NULL AUTO_INCREMENT,
  `user_id` int(11) NOT NULL,
  `group_id` int(11) NOT NULL,
  PRIMARY KEY (`id`),
  UNIQUE KEY `auth_user_groups_user_id_94350c0c_uniq` (`user_id`,`group_id`),
  KEY `auth_user_groups_group_id_97559544_fk_auth_group_id` (`group_id`),
  CONSTRAINT `auth_user_groups_group_id_97559544_fk_auth_group_id` FOREIGN KEY (`group_id`) REFERENCES `auth_group` (`id`),
  CONSTRAINT `auth_user_groups_user_id_6a12ed8b_fk_auth_user_id` FOREIGN KEY (`user_id`) REFERENCES `auth_user` (`id`)
) ENGINE=InnoDB DEFAULT CHARSET=latin1;
/*!40101 SET character_set_client = @saved_cs_client */;

--
-- Dumping data for table `auth_user_groups`
--

LOCK TABLES `auth_user_groups` WRITE;
/*!40000 ALTER TABLE `auth_user_groups` DISABLE KEYS */;
/*!40000 ALTER TABLE `auth_user_groups` ENABLE KEYS */;
UNLOCK TABLES;

--
-- Table structure for table `auth_user_user_permissions`
--

DROP TABLE IF EXISTS `auth_user_user_permissions`;
/*!40101 SET @saved_cs_client     = @@character_set_client */;
/*!40101 SET character_set_client = utf8 */;
CREATE TABLE `auth_user_user_permissions` (
  `id` int(11) NOT NULL AUTO_INCREMENT,
  `user_id` int(11) NOT NULL,
  `permission_id` int(11) NOT NULL,
  PRIMARY KEY (`id`),
  UNIQUE KEY `auth_user_user_permissions_user_id_14a6b632_uniq` (`user_id`,`permission_id`),
  KEY `auth_user_user_perm_permission_id_1fbb5f2c_fk_auth_permission_id` (`permission_id`),
  CONSTRAINT `auth_user_user_permissions_user_id_a95ead1b_fk_auth_user_id` FOREIGN KEY (`user_id`) REFERENCES `auth_user` (`id`),
  CONSTRAINT `auth_user_user_perm_permission_id_1fbb5f2c_fk_auth_permission_id` FOREIGN KEY (`permission_id`) REFERENCES `auth_permission` (`id`)
) ENGINE=InnoDB DEFAULT CHARSET=latin1;
/*!40101 SET character_set_client = @saved_cs_client */;

--
-- Dumping data for table `auth_user_user_permissions`
--

LOCK TABLES `auth_user_user_permissions` WRITE;
/*!40000 ALTER TABLE `auth_user_user_permissions` DISABLE KEYS */;
/*!40000 ALTER TABLE `auth_user_user_permissions` ENABLE KEYS */;
UNLOCK TABLES;

--
-- Table structure for table `django_admin_log`
--

DROP TABLE IF EXISTS `django_admin_log`;
/*!40101 SET @saved_cs_client     = @@character_set_client */;
/*!40101 SET character_set_client = utf8 */;
CREATE TABLE `django_admin_log` (
  `id` int(11) NOT NULL AUTO_INCREMENT,
  `action_time` datetime NOT NULL,
  `object_id` longtext,
  `object_repr` varchar(200) NOT NULL,
  `action_flag` smallint(5) unsigned NOT NULL,
  `change_message` longtext NOT NULL,
  `content_type_id` int(11) DEFAULT NULL,
  `user_id` int(11) NOT NULL,
  PRIMARY KEY (`id`),
  KEY `django_admin__content_type_id_c4bce8eb_fk_django_content_type_id` (`content_type_id`),
  KEY `django_admin_log_user_id_c564eba6_fk_auth_user_id` (`user_id`),
  CONSTRAINT `django_admin_log_user_id_c564eba6_fk_auth_user_id` FOREIGN KEY (`user_id`) REFERENCES `auth_user` (`id`),
  CONSTRAINT `django_admin__content_type_id_c4bce8eb_fk_django_content_type_id` FOREIGN KEY (`content_type_id`) REFERENCES `django_content_type` (`id`)
) ENGINE=InnoDB AUTO_INCREMENT=484 DEFAULT CHARSET=latin1;
/*!40101 SET character_set_client = @saved_cs_client */;

--
-- Dumping data for table `django_admin_log`
--

LOCK TABLES `django_admin_log` WRITE;
/*!40000 ALTER TABLE `django_admin_log` DISABLE KEYS */;
INSERT INTO `django_admin_log` VALUES (1,'2016-04-06 19:20:58','1','1',1,'Added.',15,1),(2,'2016-04-06 19:21:06','1','1',2,'Changed large and preview.',15,1),(3,'2016-04-06 19:24:44','2','1',1,'Added.',15,1),(4,'2016-04-06 19:24:52','2','1',2,'Changed large.',15,1),(5,'2016-04-07 00:45:25','1','Home',1,'Added.',20,1),(6,'2016-04-07 00:45:54','1','Home',2,'Changed slug_en and slug_es.',20,1),(7,'2016-04-07 00:48:59','2','Products',1,'Added.',20,1),(8,'2016-04-07 00:49:44','3','Showcase',1,'Added.',20,1),(9,'2016-04-07 00:51:44','4','Jobs',1,'Added.',20,1),(10,'2016-04-07 00:52:06','3','Showcase',2,'Changed sort_order.',20,1),(11,'2016-04-07 00:53:12','5','Contact',1,'Added.',20,1),(12,'2016-04-07 00:54:22','6','About Us',1,'Added.',20,1),(13,'2016-04-07 13:35:51','1','Natural Stone',1,'Added.',19,1),(14,'2016-04-07 13:38:55','2','Landscaping',1,'Added.',19,1),(15,'2016-04-07 13:41:21','3','Customer Service',1,'Added.',19,1),(16,'2016-04-07 13:42:16','1','Natural Stone',2,'Changed name_es.',19,1),(17,'2016-04-07 13:45:04','4','Manufactured Stone',1,'Added.',19,1),(18,'2016-04-07 13:46:44','5','Services',1,'Added.',19,1),(19,'2016-04-07 13:52:01','2','Square Pool',2,'Changed name_en.',15,1),(20,'2016-04-07 13:52:18','2','Square Pool',2,'Changed sort_order.',15,1),(21,'2016-04-07 13:52:29','1','2',2,'Changed name_en and slug_en.',15,1),(22,'2016-04-07 13:52:40','1','2',2,'Changed sort_order.',15,1),(23,'2016-04-07 13:54:27','3','3',1,'Added.',15,1),(24,'2016-04-07 13:54:57','4','4',1,'Added.',15,1),(25,'2016-04-07 13:55:33','5','5',1,'Added.',15,1),(26,'2016-04-07 13:56:47','6','6',1,'Added.',15,1),(27,'2016-04-07 13:57:46','7','7',1,'Added.',15,1),(28,'2016-04-07 13:58:30','8','8',1,'Added.',15,1),(29,'2016-04-07 14:02:07','1','Rock 1',1,'Added.',12,1),(30,'2016-04-07 14:02:50','1','Rock 1',2,'Added location picture \"LocationPicture object\".',12,1),(31,'2016-04-07 14:03:22','1','Rock 1',2,'Added location picture \"LocationPicture object\".',12,1),(32,'2016-04-07 14:03:56','1','Rock 1',2,'Added location picture \"LocationPicture object\".',12,1),(33,'2016-04-07 14:06:49','2','Rock 2',1,'Added.',12,1),(34,'2016-04-07 14:09:07','3','Rock 3',1,'Added.',12,1),(35,'2016-04-07 14:11:06','4','Rock 4',1,'Added.',12,1),(36,'2016-04-07 14:16:42','1','Aggregates',1,'Added.',10,1),(37,'2016-04-07 14:17:57','2','Pavers',1,'Added.',10,1),(38,'2016-04-07 14:19:48','2','Pavers',2,'Changed name_es, slug_es and image.',10,1),(39,'2016-04-07 14:21:16','3','Patio',1,'Added.',10,1),(40,'2016-04-07 14:24:04','4','Masonry Tools',1,'Added.',10,1),(41,'2016-04-07 14:25:00','2','Pavers',2,'Changed cropped, short_description_en and short_description_es.',10,1),(42,'2016-04-07 14:28:06','5','Chopped / Drystack',1,'Added.',10,1),(43,'2016-04-07 14:31:12','6','Boulders',1,'Added.',10,1),(44,'2016-04-07 14:33:14','7','Thin Veneer',1,'Added.',10,1),(45,'2016-04-07 14:34:05','3','Patio',2,'Changed short_description_es.',10,1),(46,'2016-04-07 14:35:08','5','Chopped / Drystack',2,'Changed image.',10,1),(47,'2016-04-07 14:43:32','1','Kerzon Nickens',1,'Added.',16,1),(48,'2016-04-07 14:43:53','2','Matt Teifke',1,'Added.',16,1),(49,'2016-04-07 14:44:11','3','Melissa Soliz',1,'Added.',16,1),(50,'2016-04-07 14:44:17','1','Kerzon Nickens',2,'Changed sort_order.',16,1),(51,'2016-04-07 14:45:55','1','Buff Peach',1,'Added.',11,1),(52,'2016-04-07 14:46:45','2','Decomposed Granite',1,'Added.',11,1),(53,'2016-04-07 14:49:17','3','Fossil Blend',1,'Added.',11,1),(54,'2016-04-07 14:50:50','4','White Limestone',1,'Added.',11,1),(55,'2016-04-07 14:52:20','5','Tumbled',1,'Added.',11,1),(56,'2016-04-07 14:53:49','6','Tx Moss Rock',1,'Added.',11,1),(57,'2016-04-07 14:57:16','7','Tumbled Choc Gold',1,'Added.',11,1),(58,'2016-04-07 15:00:18','8','Ocean Mist',1,'Added.',11,1),(59,'2016-04-07 15:01:35','9','Black Bassalt',1,'Added.',11,1),(60,'2016-04-07 15:02:56','10','Lueders Blend',1,'Added.',11,1),(61,'2016-04-07 15:03:30','11','Limestone',1,'Added.',11,1),(62,'2016-04-07 15:04:35','12','Cambridge',1,'Added.',11,1),(63,'2016-04-07 15:05:34','13','Sandstone Mix',1,'Added.',11,1),(64,'2016-04-07 15:06:43','14','Hill Country',1,'Added.',11,1),(65,'2016-04-07 15:08:03','15','Granite',1,'Added.',11,1),(66,'2016-04-07 15:09:08','16','Old World',1,'Added.',11,1),(67,'2016-04-07 15:10:34','17','Choc Gold Blue',1,'Added.',11,1),(68,'2016-04-07 15:12:09','18','Choc Gold',1,'Added.',11,1),(69,'2016-04-07 15:13:43','19','Washed Rock',1,'Added.',11,1),(70,'2016-04-07 15:15:30','20','Buffed Peach',1,'Added.',11,1),(71,'2016-04-07 15:16:24','21','Penn. Lilac',1,'Added.',11,1),(72,'2016-04-07 15:18:32','22','OK. River Carmel',1,'Added.',11,1),(73,'2016-04-07 15:18:36','22','OK. River Carmel',2,'No fields changed.',11,1),(74,'2016-04-07 15:19:22','23','Lueders Roughback',1,'Added.',11,1),(75,'2016-04-07 15:19:52','24','Santa Clara',1,'Added.',11,1),(76,'2016-04-07 15:20:55','25','Pea Gravel',1,'Added.',11,1),(77,'2016-04-07 15:22:00','26','Ok Mix',1,'Added.',11,1),(78,'2016-04-07 15:22:43','27','Fairland Pink',1,'Added.',11,1),(79,'2016-04-07 15:24:19','28','Leuders Choc Slabs',1,'Added.',11,1),(80,'2016-04-07 15:25:03','29','Choc Gold',1,'Added.',11,1),(81,'2016-04-07 15:25:55','30','Az River Rock',1,'Added.',11,1),(82,'2016-04-07 15:27:59','31','Mex Beach Pebbles',1,'Added.',11,1),(83,'2016-04-07 15:39:07','31','Mex Beach Pebbles (Red)',2,'Changed name_en.',11,1),(84,'2016-04-07 15:44:13','32','Creme Sawn',1,'Added.',11,1),(85,'2016-04-07 15:46:28','33','AZ Sunset',1,'Added.',11,1),(86,'2016-04-07 15:47:54','34','Khaki',1,'Added.',11,1),(87,'2016-04-07 15:49:24','35','Black Mexican',1,'Added.',11,1),(88,'2016-04-07 15:51:06','36','Lueders Fossil Slabs',1,'Added.',11,1),(89,'2016-04-07 15:52:41','37','Okie Ledge',1,'Added.',11,1),(90,'2016-04-07 15:54:07','38','OK Sandstone',1,'Added.',11,1),(91,'2016-04-07 15:54:46','39','Cafe',1,'Added.',11,1),(92,'2016-04-07 15:55:37','40','Classic Oak',1,'Added.',11,1),(93,'2016-04-07 15:56:26','41','Ok Sunset',1,'Added.',11,1),(94,'2016-04-07 15:57:23','42','Tumbled Mix',1,'Added.',11,1),(95,'2016-04-07 16:00:36','1','Pools',1,'Added.',17,1),(96,'2016-04-07 16:01:49','1','Pools',2,'Changed cropped, description_en and description_es.',17,1),(97,'2016-04-07 16:04:19','2','Outdoor Kitchens',1,'Added.',17,1),(98,'2016-04-07 16:06:38','3','Water Features',1,'Added.',17,1),(99,'2016-04-07 16:08:24','4','Exterior Stone',1,'Added.',17,1),(100,'2016-04-07 16:09:21','3','Water Features',2,'Changed image.',17,1),(101,'2016-04-07 16:09:42','3','Water Features',2,'Changed cropped.',17,1),(102,'2016-04-07 16:12:22','1','Pools',2,'Added project \"Palm Pool\".',17,1),(103,'2016-04-07 16:13:39','1','Pools',2,'Added project \"Retaining Wall\". Changed cropped for project \"Palm Pool\".',17,1),(104,'2016-04-07 16:15:35','1','Pools',2,'Added project \"Tumbled Pavers\". Changed cropped for project \"Retaining Wall\".',17,1),(105,'2016-04-07 16:17:16','1','Pools',2,'Added project \"Tumbled Pavers\". Changed name, name_en, name_es, slug, slug_en, slug_es and cropped for project \"Water Slide\".',17,1),(106,'2016-04-07 16:18:26','1','Pools',2,'Added project \"Limestone Coping\". Changed cropped for project \"Tumbled Pavers\".',17,1),(107,'2016-04-07 16:20:34','2','Outdoor Kitchens',2,'Changed cropped. Added project \"Limestone Grill\".',17,1),(108,'2016-04-07 16:21:41','2','Outdoor Kitchens',2,'Added project \"Oklahoma\". Changed cropped for project \"Limestone Grill\".',17,1),(109,'2016-04-07 16:22:49','2','Outdoor Kitchens',2,'Added project \"Oklahoma Grill\". Changed cropped for project \"Oklahoma\".',17,1),(110,'2016-04-07 16:23:32','2','Outdoor Kitchens',2,'Changed image for project \"Oklahoma Grill\".',17,1),(111,'2016-04-07 16:23:56','2','Outdoor Kitchens',2,'Changed cropped for project \"Oklahoma Grill\".',17,1),(112,'2016-04-07 16:25:41','3','Water Features',2,'Added project \"Chopped Fountain\".',17,1),(113,'2016-04-07 16:38:06','3','Water Features',2,'Added project \"Sandstone Waterfall\". Changed cropped for project \"Chopped Fountain\".',17,1),(114,'2016-04-07 16:39:23','3','Water Features',2,'Added project \"Wall Waterfall\".',17,1),(115,'2016-04-07 16:40:15','3','Water Features',2,'Added project \"Bridge\". Changed cropped for project \"Wall Waterfall\".',17,1),(116,'2016-04-07 16:42:01','3','Water Features',2,'Added project \"OK Waterfall\". Changed cropped for project \"Bridge\".',17,1),(117,'2016-04-07 16:43:05','3','Water Features',2,'Added project \"Water Walkway\".',17,1),(118,'2016-04-07 16:44:18','3','Water Features',2,'Added project \"Helix\". Changed cropped for project \"Water Walkway\".',17,1),(119,'2016-04-07 16:47:05','4','Exterior Stone',2,'Changed cropped. Added project \"Stone Turrets\".',17,1),(120,'2016-04-07 16:48:06','4','Exterior Stone',2,'Added project \"Limestone House\". Changed cropped for project \"Stone Turrets\".',17,1),(121,'2016-04-07 16:48:56','4','Exterior Stone',2,'Added project \"Oklahoma House\".',17,1),(122,'2016-04-07 16:49:37','4','Exterior Stone',2,'Added project \"Office\". Changed cropped for project \"Oklahoma House\".',17,1),(123,'2016-04-07 16:50:19','4','Exterior Stone',2,'Added project \"Arch\".',17,1),(124,'2016-04-07 16:51:09','4','Exterior Stone',2,'Added project \"OK Entry\".',17,1),(125,'2016-04-07 16:52:19','4','Exterior Stone',2,'Added project \"Chocolate Arch\".',17,1),(126,'2016-04-07 16:53:20','4','Exterior Stone',2,'Added project \"Retaining Wall\".',17,1),(127,'2016-04-07 16:55:21','2','Rock 2',2,'Added location picture \"LocationPicture object\".',12,1),(128,'2016-04-07 16:55:42','2','Rock 2',2,'Added location picture \"LocationPicture object\".',12,1),(129,'2016-04-07 16:56:10','2','Rock 2',2,'Added location picture \"LocationPicture object\".',12,1),(130,'2016-04-07 16:56:29','2','Rock 2',2,'Added location picture \"LocationPicture object\".',12,1),(131,'2016-04-07 16:56:53','2','Rock 2',2,'Added location picture \"LocationPicture object\".',12,1),(132,'2016-04-07 16:57:22','3','Rock 3',2,'Added location picture \"LocationPicture object\".',12,1),(133,'2016-04-07 16:57:40','3','Rock 3',2,'Added location picture \"LocationPicture object\".',12,1),(134,'2016-04-07 16:57:59','3','Rock 3',2,'Added location picture \"LocationPicture object\".',12,1),(135,'2016-04-07 16:58:16','3','Rock 3',2,'Added location picture \"LocationPicture object\".',12,1),(136,'2016-04-07 16:58:40','4','Rock 4',2,'Added location picture \"LocationPicture object\".',12,1),(137,'2016-04-07 16:58:57','4','Rock 4',2,'Added location picture \"LocationPicture object\".',12,1),(138,'2016-04-07 16:59:17','4','Rock 4',2,'Added location picture \"LocationPicture object\".',12,1),(139,'2016-04-13 15:16:24','1','Rock 1',2,'Changed name_es.',12,1),(140,'2016-04-13 15:16:34','2','Rock 2',2,'Changed name_es.',12,1),(141,'2016-04-13 15:16:59','3','Rock 3',2,'Changed name_es.',12,1),(142,'2016-04-13 15:17:09','4','Rock 4',2,'Changed name_es.',12,1),(143,'2017-02-24 18:04:06','6','About Us',2,'Changed parent.',20,1),(144,'2017-02-24 18:04:57','5','Contact',2,'Changed sort_order.',20,1),(145,'2017-02-24 18:31:04','8','Water Features',1,'Added. Added product \"Manhatta\".',10,1),(146,'2017-02-24 18:32:50','8','Water Features',2,'Changed cropped. Added product \"Medici Ellipse\". Changed cropped for product \"Manhatta\".',10,1),(147,'2017-02-24 18:34:22','8','Water Features',2,'Added product \"Ying Yang Pot\". Changed name and cropped for product \"Jensen Oval\".',10,1),(148,'2017-02-24 18:34:33','8','Water Features',2,'Changed cropped for product \"Ying Yang Pot\".',10,1),(149,'2017-02-24 18:35:48','8','Water Features',2,'Added product \"Recife\".',10,1),(150,'2017-02-24 18:37:15','8','Water Features',2,'Added product \"Palazzo\". Changed cropped for product \"Recife\".',10,1),(151,'2017-02-24 18:37:25','8','Water Features',2,'Changed cropped for product \"Palazzo\".',10,1),(152,'2017-02-24 18:38:15','8','Water Features',2,'Added product \"Triad\".',10,1),(153,'2017-02-24 18:38:24','8','Water Features',2,'Changed cropped for product \"Triad\".',10,1),(154,'2017-02-24 18:39:46','8','Water Features',2,'Added product \"Portween\".',10,1),(155,'2017-02-24 18:42:13','8','Water Features',2,'Added product \"Condotti Obelisk\". Changed cropped for product \"Portween\".',10,1),(156,'2017-02-24 18:42:48','8','Water Features',2,'Added product \"Medici Ellipse\". Changed cropped and sort_order for product \"Condotti Obelisk\".',10,1),(157,'2017-02-24 18:43:55','8','Water Features',2,'Added product \"Andra\". Changed cropped for product \"Medici Ellipse\".',10,1),(158,'2017-02-24 18:45:30','8','Water Features',2,'Added product \"Adirondack\". Changed cropped for product \"Andra\".',10,1),(159,'2017-02-24 18:47:39','8','Water Features',2,'Added product \"Paradise\". Changed cropped for product \"Adirondack\".',10,1),(160,'2017-02-24 18:48:11','8','Water Features',2,'Added product \"Williamsburg Chiswell\". Changed cropped for product \"Paradise\".',10,1),(161,'2017-02-24 18:49:03','8','Water Features',2,'Added product \"Longwood Arabesque\". Changed cropped for product \"Williamsburg Chiswell\".',10,1),(162,'2017-02-24 19:14:03','8','Water Features',2,'Changed long_description_en. Added product \"Acorn\". Changed cropped for product \"Condotti Obelisk\". Changed cropped for product \"Andra\". Changed cropped for product \"Longwood Arabesque\".',10,1),(163,'2017-02-24 19:15:09','8','Water Features',2,'Changed cropped for product \"Acorn\".',10,1),(164,'2017-02-24 19:16:36','8','Water Features',2,'No fields changed.',10,1),(165,'2017-02-24 19:17:27','8','Water Features',2,'Changed sort_order for product \"Acorn\".',10,1),(166,'2017-02-24 19:19:37','8','Water Features',2,'Changed long_description_en.',10,1),(167,'2017-02-24 19:33:57','8','Water Features',2,'Added product \"Rittenhouse\". Changed cropped for product \"Condotti Obelisk\". Changed cropped for product \"Andra\".',10,1),(168,'2017-02-24 19:34:13','8','Water Features',2,'Changed cropped for product \"Rittenhouse\".',10,1),(169,'2017-02-24 19:53:59','3','Patio',2,'Changed sort_order for product \"Leuders Choc Slabs\".',10,1),(170,'2017-02-24 19:55:03','3','Patio',2,'Changed sort_order for product \"Lueders Fossil Slabs\".',10,1),(171,'2017-02-24 20:01:46','3','Patio',2,'Changed image.',10,1),(172,'2017-02-24 20:02:05','3','Patio',2,'Changed cropped.',10,1),(173,'2017-02-27 15:05:59','2','Landscaping Solutions',2,'Changed name_en and cropped.',19,1),(174,'2017-02-27 15:07:53','6','El Dorado Products',1,'Added.',19,1),(175,'2017-02-27 15:08:17','6','El Dorado Products',2,'Changed homepage_position.',19,1),(176,'2017-02-27 15:09:06','6','El Dorado Products',2,'Changed short_description_en.',19,1),(177,'2017-02-27 15:21:00','6','El Dorado Products',2,'Changed homepage_position.',19,1),(178,'2017-02-27 15:22:28','6','Eldorado Products',2,'Changed name_en and short_description_en.',19,1),(179,'2017-02-27 15:22:54','2','Landscape Solutions',2,'Changed name_en.',19,1),(180,'2017-02-27 15:23:33','6','Eldorado',2,'Changed name_en.',19,1),(181,'2017-02-27 15:23:52','6','Eldorado Products',2,'Changed name_en.',19,1),(182,'2017-02-27 15:24:02','2','Landscaping',2,'Changed name_en.',19,1),(183,'2017-02-27 15:24:37','1','Natural Stone',2,'Changed short_description_en.',19,1),(184,'2017-02-27 15:26:05','2','Landscaping',2,'Changed image.',19,1),(185,'2017-02-27 15:26:17','2','Landscaping',2,'Changed cropped.',19,1),(186,'2017-02-27 15:27:44','2','Landscape Solutions',2,'Changed name_en.',19,1),(187,'2017-02-27 15:28:49','2','Landscaping',2,'Changed name_en.',19,1),(188,'2017-02-27 15:29:22','6','Eldorado Products',2,'Changed image.',19,1),(189,'2017-02-27 15:29:31','6','Eldorado Products',2,'Changed cropped.',19,1),(190,'2017-02-27 15:32:11','2','Landscaping',2,'Changed image.',19,1),(191,'2017-02-27 15:32:20','2','Landscaping',2,'Changed cropped.',19,1),(192,'2017-02-27 15:59:23','1','Aggregates',2,'Changed sort_order.',10,1),(193,'2017-02-27 16:00:03','9','Soils & Sands',1,'Added.',10,1),(194,'2017-02-27 16:00:26','5','Building Stones',2,'Changed name_en and slug_en. Changed cropped for product \"Tumbled Choc Gold\". Changed cropped for product \"Ok Mix\".',10,1),(195,'2017-02-27 16:00:57','3','Patio',2,'Changed sort_order.',10,1),(196,'2017-02-27 16:01:21','10','Eldorado',1,'Added.',10,1),(197,'2017-02-27 16:01:47','6','Landscape Stone',2,'Changed name_en, slug_en and cropped.',10,1),(198,'2017-02-27 16:02:19','7','Thin Veneer',2,'Changed sort_order.',10,1),(199,'2017-02-27 16:02:43','8','Water Features',2,'Changed sort_order.',10,1),(200,'2017-02-27 16:03:12','4','Masonry Products',2,'Changed name_en.',10,1),(201,'2017-02-27 16:10:23','2','Pavers',2,'Changed cropped and sort_order.',10,1),(202,'2017-02-27 16:11:04','11','Fire & Water Bowls',1,'Added.',10,1),(203,'2017-02-27 16:24:37','9','Soils & Sands',2,'Changed short_description_en.',10,1),(204,'2017-02-27 21:24:40','6','Landscape Stone',2,'Changed sort_order.',10,1),(205,'2017-02-27 21:25:53','4','Masonry Products',2,'Changed sort_order and homepage_position.',10,1),(206,'2017-02-27 21:26:08','11','Fire & Water Bowls',2,'No fields changed.',10,1),(207,'2017-02-27 21:26:21','2','Pavers',2,'Changed sort_order.',10,1),(208,'2017-02-27 21:29:36','10','Eldorado',2,'Changed image.',10,1),(209,'2017-02-27 21:29:51','10','Eldorado',2,'Changed cropped.',10,1),(210,'2017-02-27 21:31:44','10','Eldorado',2,'Changed short_description_en and long_description_en.',10,1),(211,'2017-02-27 21:37:39','1','Pools',3,'',17,1),(212,'2017-02-27 23:36:24','9','Soils & Sands',2,'Changed image.',10,1),(213,'2017-02-27 23:36:32','9','Soils & Sands',2,'Changed cropped.',10,1),(214,'2017-02-27 23:38:12','11','Fire & Water Bowls',2,'Changed image.',10,1),(215,'2017-02-27 23:38:22','11','Fire & Water Bowls',2,'Changed cropped.',10,1),(216,'2017-02-28 13:53:19','4','Masonry Products',2,'Changed short_description_en.',10,1),(217,'2017-02-28 14:05:41','4','Exterior Stone',2,'Changed name and name_en for project \"Archway\".',17,1),(218,'2017-02-28 14:06:48','4','Exterior Stone',2,'Changed name and name_en for project \"Limestone\". Changed name and name_en for project \"Oklahoma\". Changed name and name_en for project \"Residential\".',17,1),(219,'2017-02-28 14:11:40','4','Exterior Stone',2,'Changed name and name_en for project \"Oklahoma\". Changed name and name_en for project \"Facade\". Changed name and name_en for project \"Entry way\". Deleted project \"Retaining Wall\".',17,1),(220,'2017-02-28 14:15:10','4','Exterior Stone',2,'Added project \"Oklahoma\".',17,1),(221,'2017-02-28 14:17:55','2','Outdoor Kitchens',2,'Deleted project \"Limestone Grill\". Deleted project \"Oklahoma\". Deleted project \"Oklahoma Grill\".',17,1),(222,'2017-02-28 14:20:24','4','Exterior Stone',2,'Changed image for project \"Oklahoma\".',17,1),(223,'2017-02-28 14:20:57','4','Exterior Stone',2,'Changed cropped for project \"Stone Turrets\". Changed cropped for project \"Oklahoma\".',17,1),(224,'2017-02-28 14:22:16','4','Exterior Stone',2,'Changed name, name_en and image for project \"Limestone\".',17,1),(225,'2017-02-28 14:25:23','4','Exterior Stone',2,'Changed image for project \"Facade\". Changed cropped for project \"Limestone\".',17,1),(226,'2017-02-28 14:27:09','4','Exterior Stone',2,'Changed image for project \"Stone Turrets\".',17,1),(227,'2017-02-28 14:28:32','4','Exterior Stone',2,'Changed image for project \"Limestone\".',17,1),(228,'2017-02-28 14:32:21','4','Exterior Stone',2,'Changed name, name_en and image for project \"Ledge\".',17,1),(229,'2017-02-28 14:32:44','4','Exterior Stone',2,'Changed cropped for project \"Ledge\".',17,1),(230,'2017-02-28 14:38:57','4','Exterior Stone',2,'Changed image for project \"Oklahoma\". Changed name, name_en and cropped for project \"Entry way\".',17,1),(231,'2017-02-28 14:41:37','4','Exterior Stone',2,'Changed name, name_en and cropped for project \"Ledge\".',17,1),(232,'2017-02-28 14:42:41','4','Exterior Stone',2,'Changed cropped for project \"Oklahoma\".',17,1),(233,'2017-02-28 14:44:16','4','Exterior Stone',2,'Changed name and name_en for project \"Texas Sandstone\".',17,1),(234,'2017-02-28 15:12:31','5','Water Features',1,'Added.',17,1),(235,'2017-02-28 15:12:51','3','Water Features',3,'',17,1),(236,'2017-02-28 15:13:16','5','Water Features',2,'Changed short_description_en and cropped.',17,1),(237,'2017-02-28 15:13:40','5','Water Features',2,'Changed description_en.',17,1),(238,'2017-02-28 15:20:46','2','Outdoor Kitchens',3,'',17,1),(239,'2017-02-28 15:23:59','6','Patio',1,'Added.',17,1),(240,'2017-02-28 15:26:11','7','Water Features',1,'Added.',17,1),(241,'2017-02-28 15:27:14','7','Landscape',2,'Changed name_en, long_description_en, short_description_en, slug_en and description_en.',17,1),(242,'2017-02-28 15:38:19','5','Building Stones',2,'Changed image.',10,1),(243,'2017-02-28 15:38:30','5','Building Stones',2,'Changed cropped.',10,1),(244,'2017-02-28 15:54:07','5','Building Stones',2,'Changed name and image for product \"Tumbled\".',10,1),(245,'2017-02-28 15:54:26','5','Building Stones',2,'Changed cropped for product \"Tumbled\".',10,1),(246,'2017-02-28 15:54:52','5','Building Stones',2,'Deleted product \"Ok Mix\".',10,1),(247,'2017-02-28 16:02:51','5','Building Stones',2,'Changed name for product \"Drystack\". Changed name for product \"Limestone Chop\".',10,1),(248,'2017-02-28 16:04:32','5','Building Stones',2,'Changed image for product \"Limestone Chop\".',10,1),(249,'2017-02-28 16:05:31','5','Building Stones',2,'Changed cropped for product \"Limestone Chop\".',10,1),(250,'2017-02-28 16:13:16','5','Building Stones',2,'Changed name and image for product \"Texas Mix\".',10,1),(251,'2017-02-28 16:13:28','5','Building Stones',2,'Changed cropped for product \"Texas Mix\".',10,1),(252,'2017-02-28 16:14:47','5','Building Stones',2,'Added product \"Cave Rock\".',10,1),(253,'2017-02-28 16:16:48','5','Building Stones',2,'Added product \"Yellow Chop\".',10,1),(254,'2017-02-28 16:18:20','5','Building Stones',2,'Added product \"Creme Chop\".',10,1),(255,'2017-02-28 16:19:57','5','Building Stones',2,'Added product \"Tumbled Blue\".',10,1),(256,'2017-02-28 16:22:57','5','Building Stones',2,'Changed image for product \"Okie Ledge\".',10,1),(257,'2017-02-28 16:23:13','5','Building Stones',2,'Changed cropped for product \"Okie Ledge\".',10,1),(258,'2017-02-28 16:26:16','5','Building Stones',2,'Added product \"Buff Peach\".',10,1),(259,'2017-02-28 16:28:03','5','Building Stones',2,'Added product \"Bone Chop\".',10,1),(260,'2017-02-28 16:30:29','5','Building Stones',2,'Added product \"Driftwood\".',10,1),(261,'2017-02-28 16:36:07','3','Patio',2,'Changed name for product \"Mexican\".',10,1),(262,'2017-02-28 16:37:58','3','Patio',2,'Changed name for product \"Leuders Chocolate\". Changed name for product \"Lueders Fossil\".',10,1),(263,'2017-02-28 16:43:02','3','Patio',2,'Changed name for product \"Chocolate Gold\".',10,1),(264,'2017-02-28 16:46:34','3','Patio',2,'Deleted product \"Khaki\".',10,1),(265,'2017-02-28 16:50:41','3','Patio',2,'Added product \"Santa Fe Sunset\".',10,1),(266,'2017-02-28 17:00:35','9','aa',1,'Added.',15,1),(267,'2017-02-28 17:00:50','9','aa',2,'Changed large and preview.',15,1),(268,'2017-02-28 17:01:19','2','Square Pool',3,'',15,1),(269,'2017-02-28 17:01:19','3','3',3,'',15,1),(270,'2017-02-28 17:01:19','4','4',3,'',15,1),(271,'2017-02-28 17:01:19','5','5',3,'',15,1),(272,'2017-02-28 17:01:19','6','6',3,'',15,1),(273,'2017-02-28 17:01:19','7','7',3,'',15,1),(274,'2017-02-28 17:01:19','8','8',3,'',15,1),(275,'2017-02-28 17:02:54','10','a',1,'Added.',15,1),(276,'2017-02-28 17:03:05','10','a',2,'Changed large and preview.',15,1),(277,'2017-02-28 17:06:49','9','aa',2,'Changed large.',15,1),(278,'2017-02-28 17:12:59','11','a',1,'Added.',15,1),(279,'2017-02-28 17:13:29','11','a',2,'Changed large and preview.',15,1),(280,'2017-02-28 17:14:05','12','a',1,'Added.',15,1),(281,'2017-02-28 17:14:16','12','a',2,'Changed large.',15,1),(282,'2017-02-28 17:14:38','13','a',1,'Added.',15,1),(283,'2017-02-28 17:14:55','13','a',2,'Changed large and preview.',15,1),(284,'2017-02-28 17:15:24','14','a',1,'Added.',15,1),(285,'2017-02-28 17:15:53','14','a',2,'Changed large.',15,1),(286,'2017-02-28 17:16:22','15','a',1,'Added.',15,1),(287,'2017-02-28 17:16:32','15','a',2,'Changed large and preview.',15,1),(288,'2017-02-28 17:17:07','16','a',1,'Added.',15,1),(289,'2017-02-28 17:17:15','16','a',2,'Changed large and preview.',15,1),(290,'2017-02-28 17:20:19','12','a',2,'Changed large.',15,1),(291,'2017-02-28 17:21:23','17','a',1,'Added.',15,1),(292,'2017-02-28 17:21:59','17','a',2,'Changed large and preview.',15,1),(293,'2017-02-28 17:24:46','1','Aggregates',2,'Changed sort_order.',10,1),(294,'2017-02-28 17:25:31','9','Soils & Sands',2,'Changed sort_order.',10,1),(295,'2017-02-28 17:25:53','6','Landscape Stone',2,'Changed sort_order.',10,1),(296,'2017-02-28 17:26:13','5','Building Stones',2,'Changed sort_order.',10,1),(297,'2017-02-28 17:26:27','3','Patio',2,'Changed sort_order.',10,1),(298,'2017-02-28 17:26:38','7','Thin Veneer',2,'Changed sort_order.',10,1),(299,'2017-02-28 17:26:54','11','Fire & Water Bowls',2,'Changed sort_order.',10,1),(300,'2017-02-28 17:27:10','8','Water Features',2,'Changed sort_order.',10,1),(301,'2017-02-28 17:27:21','4','Masonry Products',2,'Changed sort_order.',10,1),(302,'2017-02-28 17:30:31','7','Thin Veneer',2,'Added product \"Lueders Buff\". Changed name for product \"Buff Peach\".',10,1),(303,'2017-02-28 17:30:58','7','Thin Veneer',2,'Changed cropped for product \"Lueders Buff\".',10,1),(304,'2017-02-28 17:31:47','7','Thin Veneer',2,'Added product \"Copper Mountain\".',10,1),(305,'2017-02-28 17:31:56','7','Thin Veneer',2,'Changed cropped for product \"Copper Mountain\".',10,1),(306,'2017-02-28 17:32:43','7','Thin Veneer',2,'Added product \"Blue Weathered\".',10,1),(307,'2017-02-28 17:33:30','7','Thin Veneer',2,'Changed image and cropped for product \"Blue Weathered\".',10,1),(308,'2017-02-28 17:33:41','7','Thin Veneer',2,'Changed cropped for product \"Blue Weathered\".',10,1),(309,'2017-02-28 17:35:28','7','Thin Veneer',2,'Added product \"Golden Creme\". Changed cropped for product \"Blue Weathered\".',10,1),(310,'2017-02-28 17:36:55','7','Thin Veneer',2,'Added product \"Ok Chocolate\". Changed cropped for product \"Golden Creme\".',10,1),(311,'2017-02-28 17:39:24','7','Thin Veneer',2,'Added product \"Arizona Rose\". Changed cropped for product \"Ok Chocolate\".',10,1),(312,'2017-02-28 17:41:58','7','Thin Veneer',2,'Changed image for product \"Ok Chocolate\".',10,1),(313,'2017-02-28 17:42:11','7','Thin Veneer',2,'Changed cropped for product \"Ok Chocolate\".',10,1),(314,'2017-02-28 17:46:07','7','Thin Veneer',2,'Changed image for product \"Lueders Buff\".',10,1),(315,'2017-02-28 20:53:09','2','Rock 2',2,'Changed street.',12,1),(316,'2017-02-28 20:53:36','1','Rock 1',2,'Changed street.',12,1),(317,'2017-02-28 20:53:47','1','Rock 1',2,'Changed street.',12,1),(318,'2017-02-28 20:54:09','1','Rock 1',2,'Changed street.',12,1),(319,'2017-02-28 20:54:39','1','Rock 1',2,'Changed street.',12,1),(320,'2017-03-01 17:17:18','1','Natural Stone',2,'Changed image.',19,1),(321,'2017-03-01 17:17:24','1','Natural Stone',2,'No fields changed.',19,1),(322,'2017-03-01 17:57:44','1','Rock 1',2,'Changed phone_number and street.',12,1),(323,'2017-03-01 17:58:16','4','Rock 4',2,'Changed phone_number and street.',12,1),(324,'2017-03-01 18:30:54','2','Pavers',2,'Changed image and long_description_en. Deleted product \"Tumbled\".',10,1),(325,'2017-03-01 18:36:34','2','Pavers',2,'Changed image and cropped.',10,1),(326,'2017-03-01 18:38:57','2','Pavers',2,'Changed cropped. Added product \"Belgard Circle\". Changed sort_order for product \"Cambridge\". Changed sort_order for product \"Old World\".',10,1),(327,'2017-03-01 18:39:49','2','Pavers',2,'Added product \"Limestone\". Changed cropped and sort_order for product \"Belgard Circle\".',10,1),(328,'2017-03-01 18:40:29','2','Pavers',2,'Added product \"Special Design\".',10,1),(329,'2017-03-01 18:41:08','2','Pavers',2,'Added product \"Special Design\".',10,1),(330,'2017-03-01 18:41:54','2','Pavers',2,'Added product \"Oklahoma\".',10,1),(331,'2017-03-01 18:43:08','2','Pavers',2,'Added product \"Belgard\".',10,1),(332,'2017-03-02 15:01:11','6','Landscape Stone',2,'Added product \"Hardscape\". Changed sort_order for product \"Tx Moss Rock\". Changed sort_order for product \"Limestone\". Changed sort_order for product \"Granite\". Changed sort_order for product \"Penn. Lilac\". Changed sort_order for product \"OK. River Carmel\". Changed sort_order for product \"OK Sandstone\".',10,1),(333,'2017-03-02 15:01:37','6','Landscape Stone',2,'Added product \"Texas Moss\". Changed sort_order for product \"Hardscape\".',10,1),(334,'2017-03-02 15:02:23','6','Landscape Stone',2,'Added product \"Ok Border\".',10,1),(335,'2017-03-02 15:02:24','6','Landscape Stone',2,'Added product \"Ok Border\".',10,1),(336,'2017-03-02 15:03:53','6','Landscape Stone',2,'Added product \"Carmel\". Changed name and sort_order for product \"Carmel\".',10,1),(337,'2017-03-02 15:05:25','6','Landscape Stone',2,'Added product \"Beams\". Changed cropped for product \"Carmel\".',10,1),(338,'2017-03-02 15:06:07','6','Landscape Stone',2,'Added product \"Beams\".',10,1),(339,'2017-03-02 15:06:50','6','Landscape Stone',2,'Added product \"Dino\".',10,1),(340,'2017-03-02 15:08:14','6','Landscape Stone',2,'Added product \"Caramel\". Changed cropped for product \"Dino\".',10,1),(341,'2017-03-02 15:09:19','6','Landscape Stone',2,'Added product \"Planter\".',10,1),(342,'2017-03-02 15:10:45','6','Landscape Stone',2,'Added product \"Texas Moss\".',10,1),(343,'2017-03-02 15:11:41','6','Landscape Stone',2,'Added product \"Honeycomb\".',10,1),(344,'2017-03-02 15:12:23','6','Landscape Stone',2,'Added product \"Waterfall\".',10,1),(345,'2017-03-02 15:13:30','6','Landscape Stone',2,'Added product \"Texas Moss\".',10,1),(346,'2017-03-02 15:14:32','6','Landscape Stone',2,'Changed name for product \"OK River Carmel\".',10,1),(347,'2017-03-02 16:07:35','8','Water Features',2,'Added product \"Amphora\". Changed sort_order for product \"Longwood Arabesque\".',10,1),(348,'2017-03-02 16:08:53','8','Water Features',2,'Added product \"Mini Slate\". Changed cropped for product \"Amphora\".',10,1),(349,'2017-03-02 16:09:21','8','Water Features',2,'Changed cropped for product \"Amphora\". Changed cropped for product \"Mini Slate\".',10,1),(350,'2017-03-02 16:10:36','8','Water Features',2,'Added product \"Mongolian Bassalt\".',10,1),(351,'2017-03-02 16:12:14','8','Water Features',2,'Added product \"Mongolian Bassalt\". Changed cropped for product \"Mongolian Bassalt\".',10,1),(352,'2017-03-02 16:13:36','8','Water Features',2,'Added product \"Polished Ornament\". Changed cropped for product \"Mongolian Bassalt\".',10,1),(353,'2017-03-02 16:14:50','8','Water Features',2,'Added product \"Leaning Vase\". Changed cropped for product \"Polished Ornament\".',10,1),(354,'2017-03-02 16:15:54','8','Water Features',2,'Added product \"Small Slate\". Changed cropped for product \"Leaning Vase\".',10,1),(355,'2017-03-02 16:16:26','8','Water Features',2,'Changed cropped for product \"Small Slate\".',10,1),(356,'2017-03-02 16:17:27','8','Water Features',2,'Changed name for product \"Adirondack Stump\". Changed name for product \"Paradise Fountain\".',10,1),(357,'2017-03-02 16:18:14','8','Water Features',2,'Changed name for product \"Adirondack   Stump\". Changed name for product \"Paradise   Fountain\".',10,1),(358,'2017-03-02 16:19:07','8','Water Features',2,'Changed name for product \"Adirondack\". Changed name for product \"Paradise\". Changed sort_order for product \"Williamsburg Chiswell\". Changed sort_order for product \"Longwood Arabesque\".',10,1),(359,'2017-03-02 16:29:40','6','Landscape Material',2,'Changed name_en.',10,1),(360,'2017-03-02 16:30:13','6','Landscape Stone',2,'Changed name_en.',10,1),(361,'2017-03-02 16:36:52','6','Landscape Stone',2,'Changed sort_order for product \"Dino\". Deleted product \"Carmel\".',10,1),(362,'2017-03-02 19:19:04','4','Masonry Products',2,'Added product \"Mixers\".',10,1),(363,'2017-03-02 19:19:13','4','Masonry Products',2,'Added product \"Cement\".',10,1),(364,'2017-03-02 19:19:31','4','Masonry Products',2,'Added product \"Tools\".',10,1),(365,'2017-03-02 19:19:42','4','Masonry Products',2,'Added product \"Muck Trucks\".',10,1),(366,'2017-03-02 19:19:51','4','Masonry Products',2,'Added product \"CMU Blocks\".',10,1),(367,'2017-03-02 19:20:03','4','Masonry Products',2,'Added product \"Fire Brick\".',10,1),(368,'2017-03-02 19:21:09','9','Soils & Sands',2,'Added product \"Top Soil\".',10,1),(369,'2017-03-02 19:21:20','9','Soils & Sands',2,'Added product \"Sandy Loam\".',10,1),(370,'2017-03-02 19:21:31','9','Soils & Sands',2,'Added product \"4 way soil\".',10,1),(371,'2017-03-02 19:21:49','9','Soils & Sands',2,'Added product \"Hardwood Mulch\".',10,1),(372,'2017-03-02 19:22:00','9','Soils & Sands',2,'Added product \"Masonry Sand\".',10,1),(373,'2017-03-02 19:22:11','9','Soils & Sands',2,'Added product \"Concrete Sand\".',10,1),(374,'2017-03-02 19:22:21','9','Soils & Sands',2,'Added product \"White Sand\".',10,1),(375,'2017-03-02 19:22:31','9','Soils & Sands',2,'Added product \"Fill Sand\".',10,1),(376,'2017-03-02 19:23:14','9','Soils & Sands',2,'Changed name for product \"4-Way Soil\".',10,1),(377,'2017-03-02 19:25:19','12','Landscape Materials',1,'Added. Added product \"Edging\".',10,1),(378,'2017-03-02 19:25:33','12','Landscape Materials',2,'Added product \"Weed Barrier\".',10,1),(379,'2017-03-02 19:25:51','12','Landscape Materials',2,'Added product \"Border Stone\".',10,1),(380,'2017-03-02 19:31:17','12','Landscape Materials',2,'Added product \"Garden Deco\".',10,1),(381,'2017-03-02 19:32:02','5','Building Stones',2,'Changed sort_order.',10,1),(382,'2017-03-02 19:43:52','12','Landscape Materials',2,'Changed long_description_en.',10,1),(383,'2017-03-03 14:47:45','6','Landscape Stone',2,'Changed image.',10,1),(384,'2017-03-03 14:48:28','6','Landscape Stone',2,'Changed cropped.',10,1),(385,'2017-03-03 14:55:06','11','Fire & Water Bowls',2,'Changed short_description_en.',10,1),(386,'2017-03-03 17:11:07','6','Landscape Stone',2,'Changed image.',10,1),(387,'2017-03-03 17:11:43','6','Landscape Stone',2,'Changed cropped.',10,1),(388,'2017-03-03 18:32:17','3','Patio',2,'Changed name for product \"Lueders Chocolate\".',10,1),(389,'2017-03-06 14:22:06','12','Building & Landscape Supplies',2,'Changed name_en, slug_en, image and sort_order.',10,1),(390,'2017-03-06 14:22:18','12','Building & Landscape Supplies',2,'Changed cropped.',10,1),(391,'2017-03-06 14:24:54','12','Building & Landscape Supplies',2,'Changed name and image for product \"Fabric\". Changed name and image for product \"Metal Edging\". Changed name for product \"Borders & Edging\". Changed name and image for product \"Tools & Equipmet\".',10,1),(392,'2017-03-06 14:27:24','12','Building & Landscape Supplies',2,'Added product \"Adhesives / Bonding\". Changed cropped for product \"Fabric\". Changed cropped for product \"Metal Edging\". Changed cropped for product \"Tools & Equipmet\".',10,1),(393,'2017-03-06 14:27:51','12','Building & Landscape Supplies',2,'Added product \"C.M.U\".',10,1),(394,'2017-03-06 14:28:08','12','Building & Landscape Supplies',2,'Added product \"Adress Blocks\".',10,1),(395,'2017-03-06 14:28:29','12','Building & Landscape Supplies',2,'Added product \"Keystone\".',10,1),(396,'2017-03-06 14:29:16','12','Building & Landscape Supplies',2,'Changed cropped for product \"Keystone\".',10,1),(397,'2017-03-06 14:31:21','12','Building & Landscape Supplies',2,'Added product \"Metal Products\". Changed name for product \"Tools & Equipment\".',10,1),(398,'2017-03-06 14:33:20','12','Building & Landscape Supplies',2,'Changed sort_order for product \"Fabric\". Changed sort_order for product \"Metal Edging\". Changed sort_order for product \"Borders & Edging\". Changed sort_order for product \"Tools & Equipment\". Changed sort_order for product \"Adhesives / Bonding\". Changed sort_order for product \"C.M.U\". Changed sort_order for product \"Adress Blocks\". Changed sort_order for product \"Keystone\". Changed sort_order for product \"Metal Products\".',10,1),(399,'2017-03-06 14:36:28','12','Building & Landscape Supplies',2,'Changed short_description_en and long_description_en.',10,1),(400,'2017-03-06 14:42:06','12','Building & Landscape Supplies',2,'Changed image for product \"Borders & Edging\".',10,1),(401,'2017-03-06 14:42:36','12','Building & Landscape Supplies',2,'Changed cropped for product \"Borders & Edging\".',10,1),(402,'2017-03-06 14:44:02','12','Building & Landscape Supplies',2,'Changed image for product \"Adhesives / Bonding\".',10,1),(403,'2017-03-06 14:44:35','12','Building & Landscape Supplies',2,'Changed cropped for product \"Adhesives / Bonding\".',10,1),(404,'2017-03-06 14:45:35','12','Building & Landscape Supplies',2,'Changed cropped for product \"Adhesives / Bonding\". Changed image for product \"Metal Products\".',10,1),(405,'2017-03-06 14:45:55','12','Building & Landscape Supplies',2,'Changed cropped for product \"Adhesives / Bonding\". Changed cropped for product \"Metal Products\".',10,1),(406,'2017-03-06 14:46:33','12','Building & Landscape Supplies',2,'Changed cropped for product \"Adhesives / Bonding\". Changed sort_order for product \"Adress Blocks\". Changed sort_order for product \"Metal Products\".',10,1),(407,'2017-03-06 14:52:12','6','Landscape Stone',2,'Changed name for product \"OK River Caramel\". Changed name for product \"Caramel\".',10,1),(408,'2017-03-06 15:06:16','12','Building & Landscape Supplies',2,'Changed image for product \"Fabric\". Changed cropped for product \"Adhesives / Bonding\".',10,1),(409,'2017-03-06 15:06:52','12','Building & Landscape Supplies',2,'Changed cropped for product \"Fabric\".',10,1),(410,'2017-03-06 15:11:33','12','Building & Landscape Supplies',2,'Changed image for product \"Fabric\".',10,1),(411,'2017-03-06 15:11:55','12','Building & Landscape Supplies',2,'Changed cropped for product \"Fabric\".',10,1),(412,'2017-03-06 15:39:12','4','Masonry Products',2,'Added product \"Ox Blades\". Changed name, image and sort_order for product \"Cement\". Changed name, image and sort_order for product \"Fire Clay\". Changed name, image and sort_order for product \"Fire Brick\". Changed name, image and sort_order for product \"Sealers\". Changed name and sort_order for product \"Tex Clean\". Changed name, image and sort_order for product \"Trowels\".',10,1),(413,'2017-03-06 15:41:01','4','Masonry Products',2,'Changed cropped for product \"Cement\". Changed cropped for product \"Fire Clay\". Changed cropped for product \"Fire Brick\". Changed cropped for product \"Sealers\". Changed image for product \"Tex Clean\". Changed cropped for product \"Trowels\". Changed cropped for product \"Ox Blades\".',10,1),(414,'2017-03-06 15:41:34','4','Masonry Products',2,'Changed cropped for product \"Fire Brick\". Changed cropped for product \"Tex Clean\".',10,1),(415,'2017-03-06 15:42:55','4','Masonry Products',2,'Added product \"Hand Tools\".',10,1),(416,'2017-03-06 15:43:25','4','Masonry Products',2,'Added product \"Mixers\".',10,1),(417,'2017-03-06 15:44:53','4','Masonry Products',2,'Added product \"Muck Trucks\". Changed sort_order for product \"Cement\". Changed sort_order for product \"Fire Clay\". Changed sort_order for product \"Fire Brick\". Changed sort_order for product \"Tex Clean\". Changed sort_order for product \"Trowels\". Changed sort_order for product \"Ox Blades\". Changed sort_order for product \"Hand Tools\". Changed cropped and sort_order for product \"Mixers\".',10,1),(418,'2017-03-06 15:50:53','4','Masonry Products',2,'Changed short_description_en and long_description_en. Changed cropped for product \"Muck Trucks\".',10,1),(419,'2017-03-06 17:11:45','4','Masonry Products',2,'Changed image for product \"Hand Tools\".',10,1),(420,'2017-03-06 17:12:02','4','Masonry Products',2,'Changed cropped for product \"Hand Tools\".',10,1),(421,'2017-03-06 17:14:10','4','Masonry Products',2,'Changed image for product \"Hand Tools\".',10,1),(422,'2017-03-06 17:14:25','4','Masonry Products',2,'Changed cropped for product \"Hand Tools\".',10,1),(423,'2017-03-06 17:15:24','4','Masonry Products',2,'Changed image for product \"Mixers\".',10,1),(424,'2017-03-06 17:15:43','4','Masonry Products',2,'Changed cropped for product \"Mixers\".',10,1),(425,'2017-03-07 14:11:20','12','Building & Landscape Supplies',2,'Changed long_description_en.',10,1),(426,'2017-03-07 14:13:13','5','Water Features',2,'Added project \"Limestone Pool\".',17,1),(427,'2017-03-07 14:14:06','5','Water Features',2,'Added project \"Oklahoma Waterfall\". Changed cropped for project \"Limestone Pool\".',17,1),(428,'2017-03-07 14:16:36','5','Water Features',2,'Added project \"Oklahoma Waterfall\". Changed cropped for project \"Oklahoma Waterfall\".',17,1),(429,'2017-03-07 14:17:48','5','Water Features',2,'Added project \"Oklahoma Pool\".',17,1),(430,'2017-03-07 14:22:17','5','Water Features',2,'Added project \"Limestone Fountain\". Changed name, name_en, slug, slug_en and cropped for project \"Pool Grotto\".',17,1),(431,'2017-03-07 14:24:07','5','Water Features',2,'Added project \"Oklahoma Pool\".',17,1),(432,'2017-03-07 14:26:22','5','Water Features',2,'Added project \"Caramel Waterfall\". Changed cropped for project \"Oklahoma Pool\".',17,1),(433,'2017-03-07 14:26:56','5','Water Features',2,'Changed image for project \"Caramel Waterfall\".',17,1),(434,'2017-03-07 14:28:19','5','Water Features',2,'Added project \"Landscape Feature\". Changed cropped for project \"Caramel Waterfall\".',17,1),(435,'2017-03-07 14:30:00','5','Water Features',2,'Changed name and name_en for project \"Disappearing Waterfall\". Changed cropped for project \"Landscape Feature\".',17,1),(436,'2017-03-07 14:30:54','5','Water Features',2,'Changed sort_order for project \"Disappearing Waterfall\".',17,1),(437,'2017-03-07 14:31:29','5','Water Features',2,'Changed sort_order for project \"Landscape Feature\".',17,1),(438,'2017-03-07 14:34:28','3','Patio',2,'Added product \"Oklahoma Chocolate Gold\".',10,1),(439,'2017-03-07 14:35:36','3','Patio',2,'Changed name for product \"Ok Chocolate Gold\".',10,1),(440,'2017-03-07 14:37:12','3','Patio',2,'Added product \"Arizona Rosa\".',10,1),(441,'2017-03-07 14:39:18','3','Patio',2,'Added product \"Lueders Buff\".',10,1),(442,'2017-03-07 14:40:25','3','Patio',2,'Added product \"Creme Fossil\".',10,1),(443,'2017-03-07 14:41:34','3','Patio',2,'Changed name for product \"Chocolate\".',10,1),(444,'2017-03-07 14:44:18','3','Patio',2,'Added product \"Bedrock Mix\".',10,1),(445,'2017-03-07 14:45:21','3','Patio',2,'Added product \"Chocolate Gold Blue\".',10,1),(446,'2017-03-07 14:46:02','3','Patio',2,'Added product \"Santa Fe Sunset Dark\".',10,1),(447,'2017-03-07 14:48:19','3','Patio',2,'Changed image for product \"AZ Sunset\".',10,1),(448,'2017-03-07 14:49:27','3','Patio',2,'Changed image and cropped for product \"AZ Sunset\".',10,1),(449,'2017-03-07 14:52:02','3','Patio',2,'Changed sort_order for product \"Buff Peach\". Changed sort_order for product \"Ocean Mist\". Changed sort_order for product \"Chocolate\". Changed sort_order for product \"Santa Clara\". Changed cropped for product \"AZ Sunset\". Changed sort_order for product \"Cafe\". Changed sort_order for product \"Ok Sunset\". Changed sort_order for product \"Santa Fe Sunset\". Changed sort_order for product \"Ok Chocolate Gold\".',10,1),(450,'2017-03-07 14:53:32','3','Patio',2,'Changed cropped and sort_order for product \"AZ Sunset\". Changed sort_order for product \"Arizona Rosa\".',10,1),(451,'2017-03-07 14:55:05','3','Patio',2,'Changed sort_order for product \"AZ Sunset\". Changed sort_order for product \"Arizona Rosa\". Changed sort_order for product \"Mexican\". Changed sort_order for product \"Classic Oak\". Changed sort_order for product \"Bedrock Mix\". Changed sort_order for product \"Chocolate Gold Blue\". Changed sort_order for product \"Santa Fe Sunset Dark\".',10,1),(452,'2017-03-07 14:55:53','3','Patio',2,'Changed sort_order for product \"Santa Fe Sunset Dark\".',10,1),(453,'2017-03-07 14:56:56','3','Patio',2,'Changed cropped for product \"Classic Oak\".',10,1),(454,'2017-03-07 14:58:34','3','Patio',2,'Changed sort_order for product \"Creme Sawn\". Changed sort_order for product \"Lueders Buff\". Changed sort_order for product \"Creme Fossil\". Changed sort_order for product \"Lueders Chocolate\". Changed sort_order for product \"Lueders Fossil\".',10,1),(455,'2017-03-07 15:13:57','7','Landscape',2,'Added project \"Oklahoma Arch\".',17,1),(456,'2017-03-07 15:16:46','7','Landscape',2,'Added project \"Caramel Border\". Changed cropped for project \"Oklahoma Arch\".',17,1),(457,'2017-03-07 15:20:43','7','Landscape',2,'Added project \"Arch\".',17,1),(458,'2017-03-07 15:22:06','7','Landscape',2,'Added project \"Limestone Boulder\". Changed cropped for project \"Arch\".',17,1),(459,'2017-03-07 15:23:26','7','Landscape',2,'Added project \"Gateg\". Changed cropped for project \"Limestone Boulder\".',17,1),(460,'2017-03-07 15:24:43','7','Landscape',2,'Added project \"Bedrock Landscape\". Changed cropped for project \"Limestone Boulder\".',17,1),(461,'2017-03-07 15:26:05','7','Landscape',2,'Added project \"Bedrock Walkway\". Changed cropped for project \"Limestone Boulder\".',17,1),(462,'2017-03-07 15:26:33','7','Landscape',2,'Changed name and name_en for project \"Gate\".',17,1),(463,'2017-03-07 15:30:14','6','Patio',2,'Added project \"Santa Clara\".',17,1),(464,'2017-03-07 15:32:22','6','Patio',2,'Added project \"Buff / Peach\".',17,1),(465,'2017-03-07 15:33:07','6','Patio',2,'Added project \"Penn Full Color\". Changed cropped for project \"Buff / Peach\".',17,1),(466,'2017-03-07 15:33:53','6','Patio',2,'Added project \"Pacific Blue\".',17,1),(467,'2017-03-07 15:47:34','6','Patio',2,'Added project \"Weathered\". Changed cropped for project \"Pacific Blue\".',17,1),(468,'2017-03-07 15:48:48','6','Patio',2,'Added project \"Oklahoma\". Changed cropped for project \"Weathered\".',17,1),(469,'2017-03-07 15:51:57','6','Patio',2,'Added project \"Mexican Creme\". Changed cropped for project \"Oklahoma\".',17,1),(470,'2017-03-07 15:54:12','6','Patio',2,'Added project \"Oklahoma\".',17,1),(471,'2017-03-07 15:54:51','6','Patio',2,'Changed cropped for project \"Oklahoma\".',17,1),(472,'2017-03-07 16:35:26','6','Patio',2,'Changed image for project \"Oklahoma\".',17,1),(473,'2017-03-07 16:36:02','6','Patio',2,'Changed cropped for project \"Oklahoma\".',17,1),(474,'2017-03-07 16:39:34','3','Patio',2,'Changed image for product \"Arizona Rosa\".',10,1),(475,'2017-03-07 16:41:00','3','Patio',2,'Changed image for product \"Bedrock Mix\".',10,1),(476,'2017-03-07 16:42:53','3','Patio',2,'Changed image for product \"Chocolate Gold Blue\".',10,1),(477,'2017-03-07 16:46:12','3','Patio',2,'Changed image for product \"AZ Sunset\".',10,1),(478,'2017-03-07 16:48:39','3','Patio',2,'Changed image for product \"Chocolate Gold Blue\".',10,1),(479,'2017-03-07 16:53:54','3','Patio',2,'Changed image for product \"Chocolate Gold Blue\".',10,1),(480,'2017-03-07 16:54:47','3','Patio',2,'Changed image for product \"Bedrock Mix\".',10,1),(481,'2017-03-07 16:56:13','3','Patio',2,'Changed image for product \"Ok Chocolate Gold\". Changed image for product \"Arizona Rosa\".',10,1),(482,'2017-03-07 16:57:44','3','Patio',2,'Changed image for product \"AZ Sunset\".',10,1),(483,'2017-03-07 16:58:13','3','Patio',2,'Changed cropped for product \"AZ Sunset\".',10,1);
/*!40000 ALTER TABLE `django_admin_log` ENABLE KEYS */;
UNLOCK TABLES;

--
-- Table structure for table `django_content_type`
--

DROP TABLE IF EXISTS `django_content_type`;
/*!40101 SET @saved_cs_client     = @@character_set_client */;
/*!40101 SET character_set_client = utf8 */;
CREATE TABLE `django_content_type` (
  `id` int(11) NOT NULL AUTO_INCREMENT,
  `app_label` varchar(100) NOT NULL,
  `model` varchar(100) NOT NULL,
  PRIMARY KEY (`id`),
  UNIQUE KEY `django_content_type_app_label_76bd3d3b_uniq` (`app_label`,`model`)
) ENGINE=InnoDB AUTO_INCREMENT=21 DEFAULT CHARSET=latin1;
/*!40101 SET character_set_client = @saved_cs_client */;

--
-- Dumping data for table `django_content_type`
--

LOCK TABLES `django_content_type` WRITE;
/*!40000 ALTER TABLE `django_content_type` DISABLE KEYS */;
INSERT INTO `django_content_type` VALUES (1,'admin','logentry'),(3,'auth','group'),(2,'auth','permission'),(4,'auth','user'),(5,'contenttypes','contenttype'),(7,'easy_thumbnails','source'),(8,'easy_thumbnails','thumbnail'),(9,'easy_thumbnails','thumbnaildimensions'),(6,'sessions','session'),(10,'web','category'),(19,'web','contentpage'),(15,'web','galleryitem'),(14,'web','job'),(12,'web','location'),(13,'web','locationpicture'),(20,'web','menuitem'),(11,'web','product'),(18,'web','project'),(17,'web','projecttype'),(16,'web','staffmember');
/*!40000 ALTER TABLE `django_content_type` ENABLE KEYS */;
UNLOCK TABLES;

--
-- Table structure for table `django_migrations`
--

DROP TABLE IF EXISTS `django_migrations`;
/*!40101 SET @saved_cs_client     = @@character_set_client */;
/*!40101 SET character_set_client = utf8 */;
CREATE TABLE `django_migrations` (
  `id` int(11) NOT NULL AUTO_INCREMENT,
  `app` varchar(255) NOT NULL,
  `name` varchar(255) NOT NULL,
  `applied` datetime NOT NULL,
  PRIMARY KEY (`id`)
) ENGINE=InnoDB AUTO_INCREMENT=41 DEFAULT CHARSET=latin1;
/*!40101 SET character_set_client = @saved_cs_client */;

--
-- Dumping data for table `django_migrations`
--

LOCK TABLES `django_migrations` WRITE;
/*!40000 ALTER TABLE `django_migrations` DISABLE KEYS */;
INSERT INTO `django_migrations` VALUES (1,'contenttypes','0001_initial','2016-04-06 19:15:56'),(2,'auth','0001_initial','2016-04-06 19:15:56'),(3,'admin','0001_initial','2016-04-06 19:15:56'),(4,'admin','0002_logentry_remove_auto_add','2016-04-06 19:15:57'),(5,'contenttypes','0002_remove_content_type_name','2016-04-06 19:15:57'),(6,'auth','0002_alter_permission_name_max_length','2016-04-06 19:15:57'),(7,'auth','0003_alter_user_email_max_length','2016-04-06 19:15:57'),(8,'auth','0004_alter_user_username_opts','2016-04-06 19:15:57'),(9,'auth','0005_alter_user_last_login_null','2016-04-06 19:15:57'),(10,'auth','0006_require_contenttypes_0002','2016-04-06 19:15:57'),(11,'auth','0007_alter_validators_add_error_messages','2016-04-06 19:15:57'),(12,'easy_thumbnails','0001_initial','2016-04-06 19:15:57'),(13,'easy_thumbnails','0002_thumbnaildimensions','2016-04-06 19:15:57'),(14,'sessions','0001_initial','2016-04-06 19:15:57'),(15,'web','0001_initial','2016-04-06 19:15:57'),(16,'web','0002_auto_20150310_1710','2016-04-06 19:15:57'),(17,'web','0003_auto_20150311_1247','2016-04-06 19:15:57'),(18,'web','0004_auto_20150311_1510','2016-04-06 19:15:57'),(19,'web','0005_auto_20150311_1743','2016-04-06 19:15:57'),(20,'web','0006_auto_20150312_1502','2016-04-06 19:15:58'),(21,'web','0007_auto_20150312_2027','2016-04-06 19:15:58'),(22,'web','0008_auto_20150317_1250','2016-04-06 19:15:58'),(23,'web','0009_remove_galleryitem_preview','2016-04-06 19:15:58'),(24,'web','0010_auto_20150317_1534','2016-04-06 19:15:58'),(25,'web','0011_galleryitem_preview','2016-04-06 19:15:58'),(26,'web','0012_auto_20150318_1222','2016-04-06 19:15:58'),(27,'web','0013_auto_20150318_1839','2016-04-06 19:15:58'),(28,'web','0014_auto_20150319_0200','2016-04-06 19:15:59'),(29,'web','0015_auto_20150324_1759','2016-04-06 19:15:59'),(30,'web','0016_auto_20150325_1355','2016-04-06 19:15:59'),(31,'web','0017_auto_20150326_1848','2016-04-06 19:15:59'),(32,'web','0018_auto_20150330_1846','2016-04-06 19:15:59'),(33,'web','0019_auto_20150402_1348','2016-04-06 19:15:59'),(34,'web','0020_auto_20150402_1420','2016-04-06 19:15:59'),(35,'web','0021_auto_20150403_1609','2016-04-06 19:15:59'),(36,'web','0022_staffmember_title','2016-04-06 19:15:59'),(37,'web','0023_auto_20160331_1408','2016-04-06 19:16:00'),(38,'web','0024_auto_20160331_1417','2016-04-06 19:16:00'),(39,'web','0025_auto_20160331_1433','2016-04-06 19:16:01'),(40,'web','0026_auto_20160331_1434','2016-04-06 19:16:01');
/*!40000 ALTER TABLE `django_migrations` ENABLE KEYS */;
UNLOCK TABLES;

--
-- Table structure for table `django_session`
--

DROP TABLE IF EXISTS `django_session`;
/*!40101 SET @saved_cs_client     = @@character_set_client */;
/*!40101 SET character_set_client = utf8 */;
CREATE TABLE `django_session` (
  `session_key` varchar(40) NOT NULL,
  `session_data` longtext NOT NULL,
  `expire_date` datetime NOT NULL,
  PRIMARY KEY (`session_key`),
  KEY `django_session_de54fa62` (`expire_date`)
) ENGINE=InnoDB DEFAULT CHARSET=latin1;
/*!40101 SET character_set_client = @saved_cs_client */;

--
-- Dumping data for table `django_session`
--

LOCK TABLES `django_session` WRITE;
/*!40000 ALTER TABLE `django_session` DISABLE KEYS */;
INSERT INTO `django_session` VALUES ('15qcjhv7kv9qwn06w6rgcwpuhwdrcfke','ODNlY2JjNjIzYzNlNzNiZjIyM2Y0Njk5ZGU4MzdiYzdjZTQ1ODNjMTp7Il9sYW5ndWFnZSI6ImVzIn0=','2016-05-13 17:58:29'),('72cog7tcjeh9tlxeh9usplo2lr1vxeva','MDI4ZTJiODc3Y2Q5MzliZmU0NWM3M2VjODJmNzA3YWFhMmEwNTgwNjp7Il9sYW5ndWFnZSI6ImVuIn0=','2017-03-11 23:05:09'),('8txvs517oy6oj2fzn01wdp66s0ubpet4','NTk2OGJlNGY0Njc1MDE2NDE0YzhiM2E3ODExZDVjODZiMzk0NWQyZjp7Il9hdXRoX3VzZXJfaGFzaCI6IjQwNTVkMWQ2Yzg5MjA3Njc5YzkzYmVkY2Y2ZmQ2OGUyYmQzZWFmZjgiLCJfYXV0aF91c2VyX2JhY2tlbmQiOiJkamFuZ28uY29udHJpYi5hdXRoLmJhY2tlbmRzLk1vZGVsQmFja2VuZCIsIl9hdXRoX3VzZXJfaWQiOiIxIn0=','2017-03-10 19:08:47'),('9heb65eelpwendiavstgqcoxn0o0wjna','MDI4ZTJiODc3Y2Q5MzliZmU0NWM3M2VjODJmNzA3YWFhMmEwNTgwNjp7Il9sYW5ndWFnZSI6ImVuIn0=','2017-03-13 00:14:04'),('9lh03c7pa2b6nvkn0hahjij7ndrxx759','ODNlY2JjNjIzYzNlNzNiZjIyM2Y0Njk5ZGU4MzdiYzdjZTQ1ODNjMTp7Il9sYW5ndWFnZSI6ImVzIn0=','2017-02-06 14:41:29'),('a98goyuqqp2jmk57875e60jxhsf4s3yw','NTk2OGJlNGY0Njc1MDE2NDE0YzhiM2E3ODExZDVjODZiMzk0NWQyZjp7Il9hdXRoX3VzZXJfaGFzaCI6IjQwNTVkMWQ2Yzg5MjA3Njc5YzkzYmVkY2Y2ZmQ2OGUyYmQzZWFmZjgiLCJfYXV0aF91c2VyX2JhY2tlbmQiOiJkamFuZ28uY29udHJpYi5hdXRoLmJhY2tlbmRzLk1vZGVsQmFja2VuZCIsIl9hdXRoX3VzZXJfaWQiOiIxIn0=','2017-03-17 18:31:30'),('axpmenffcscoesrnst6j42vg8o5kbeom','MDI4ZTJiODc3Y2Q5MzliZmU0NWM3M2VjODJmNzA3YWFhMmEwNTgwNjp7Il9sYW5ndWFnZSI6ImVuIn0=','2016-04-22 17:06:01'),('jbmxcm99tax3xfzzi4tt45sbvnwjy0gu','MTFhYTBkN2RmMjQ4MmVmYmFkMzgwZTNjNDBkOTdmOTcyNTIyOGQ3ZDp7Il9sYW5ndWFnZSI6ImVuIiwiX2F1dGhfdXNlcl9oYXNoIjoiNDA1NWQxZDZjODkyMDc2NzljOTNiZWRjZjZmZDY4ZTJiZDNlYWZmOCIsIl9hdXRoX3VzZXJfYmFja2VuZCI6ImRqYW5nby5jb250cmliLmF1dGguYmFja2VuZHMuTW9kZWxCYWNrZW5kIiwiX2F1dGhfdXNlcl9pZCI6IjEifQ==','2016-04-27 15:29:10'),('kpmb5vxg0il4pbzfn0osir061huapcp3','MDI4ZTJiODc3Y2Q5MzliZmU0NWM3M2VjODJmNzA3YWFhMmEwNTgwNjp7Il9sYW5ndWFnZSI6ImVuIn0=','2017-03-18 21:24:37'),('qn9cr1chln6b90ef58o92mspj214y3lm','ODNlY2JjNjIzYzNlNzNiZjIyM2Y0Njk5ZGU4MzdiYzdjZTQ1ODNjMTp7Il9sYW5ndWFnZSI6ImVzIn0=','2017-03-06 17:39:13'),('vqbpo6c737yqakdsyqsh0f4958i4glfe','NTk2OGJlNGY0Njc1MDE2NDE0YzhiM2E3ODExZDVjODZiMzk0NWQyZjp7Il9hdXRoX3VzZXJfaGFzaCI6IjQwNTVkMWQ2Yzg5MjA3Njc5YzkzYmVkY2Y2ZmQ2OGUyYmQzZWFmZjgiLCJfYXV0aF91c2VyX2JhY2tlbmQiOiJkamFuZ28uY29udHJpYi5hdXRoLmJhY2tlbmRzLk1vZGVsQmFja2VuZCIsIl9hdXRoX3VzZXJfaWQiOiIxIn0=','2017-03-20 01:48:31'),('vwdlf4v2uc8xq5tljj4cxrblg2tibzef','MDI4ZTJiODc3Y2Q5MzliZmU0NWM3M2VjODJmNzA3YWFhMmEwNTgwNjp7Il9sYW5ndWFnZSI6ImVuIn0=','2017-03-18 17:57:27'),('xcmg9tlmwpncpophcykg4bsyh8363km4','NTk2OGJlNGY0Njc1MDE2NDE0YzhiM2E3ODExZDVjODZiMzk0NWQyZjp7Il9hdXRoX3VzZXJfaGFzaCI6IjQwNTVkMWQ2Yzg5MjA3Njc5YzkzYmVkY2Y2ZmQ2OGUyYmQzZWFmZjgiLCJfYXV0aF91c2VyX2JhY2tlbmQiOiJkamFuZ28uY29udHJpYi5hdXRoLmJhY2tlbmRzLk1vZGVsQmFja2VuZCIsIl9hdXRoX3VzZXJfaWQiOiIxIn0=','2017-03-10 19:33:05'),('xx89xsfsrcrha5qw9v8f0t7e2qs5nyc8','MTFhYTBkN2RmMjQ4MmVmYmFkMzgwZTNjNDBkOTdmOTcyNTIyOGQ3ZDp7Il9sYW5ndWFnZSI6ImVuIiwiX2F1dGhfdXNlcl9oYXNoIjoiNDA1NWQxZDZjODkyMDc2NzljOTNiZWRjZjZmZDY4ZTJiZDNlYWZmOCIsIl9hdXRoX3VzZXJfYmFja2VuZCI6ImRqYW5nby5jb250cmliLmF1dGguYmFja2VuZHMuTW9kZWxCYWNrZW5kIiwiX2F1dGhfdXNlcl9pZCI6IjEifQ==','2017-03-10 15:06:01');
/*!40000 ALTER TABLE `django_session` ENABLE KEYS */;
UNLOCK TABLES;

--
-- Table structure for table `easy_thumbnails_source`
--

DROP TABLE IF EXISTS `easy_thumbnails_source`;
/*!40101 SET @saved_cs_client     = @@character_set_client */;
/*!40101 SET character_set_client = utf8 */;
CREATE TABLE `easy_thumbnails_source` (
  `id` int(11) NOT NULL AUTO_INCREMENT,
  `storage_hash` varchar(40) NOT NULL,
  `name` varchar(255) NOT NULL,
  `modified` datetime NOT NULL,
  PRIMARY KEY (`id`),
  UNIQUE KEY `easy_thumbnails_source_storage_hash_481ce32d_uniq` (`storage_hash`,`name`),
  KEY `easy_thumbnails_source_b454e115` (`storage_hash`),
  KEY `easy_thumbnails_source_b068931c` (`name`)
) ENGINE=InnoDB AUTO_INCREMENT=269 DEFAULT CHARSET=latin1;
/*!40101 SET character_set_client = @saved_cs_client */;

--
-- Dumping data for table `easy_thumbnails_source`
--

LOCK TABLES `easy_thumbnails_source` WRITE;
/*!40000 ALTER TABLE `easy_thumbnails_source` DISABLE KEYS */;
INSERT INTO `easy_thumbnails_source` VALUES (1,'63c77af23a93fcbac67418e6938048ca','gallery/IMO101.jpg','2016-04-06 19:20:58'),(2,'63c77af23a93fcbac67418e6938048ca','gallery/_MG_0191_copyp5x7.tif','2016-04-06 19:24:44'),(3,'63c77af23a93fcbac67418e6938048ca','contentpage/natural_stone_1460036151.78.jpg','2016-04-07 13:35:55'),(4,'63c77af23a93fcbac67418e6938048ca','contentpage/landscaping_1460036334.46.tif','2016-04-07 13:39:10'),(5,'63c77af23a93fcbac67418e6938048ca','contentpage/customer_service_1460036481.46.JPG','2016-04-07 13:41:23'),(6,'63c77af23a93fcbac67418e6938048ca','contentpage/manufactured_stone_1460036704.13.jpg','2016-04-07 13:45:14'),(7,'63c77af23a93fcbac67418e6938048ca','gallery/_MG_0858p8x12.tif','2016-04-07 13:55:35'),(8,'63c77af23a93fcbac67418e6938048ca','gallery/Land110.jpg','2016-04-07 13:55:36'),(9,'63c77af23a93fcbac67418e6938048ca','gallery/_MG_0433p5x7.tif','2016-04-07 13:55:36'),(10,'63c77af23a93fcbac67418e6938048ca','gallery/PP103.tif','2016-04-07 13:58:36'),(11,'63c77af23a93fcbac67418e6938048ca','gallery/WF110.jpg','2016-04-07 13:58:38'),(12,'63c77af23a93fcbac67418e6938048ca','gallery/PP101.tif','2016-04-07 13:58:38'),(13,'63c77af23a93fcbac67418e6938048ca','product/no_image.jpeg','2016-04-07 14:02:07'),(14,'63c77af23a93fcbac67418e6938048ca','locationpicture/rock_1_1460037770.14.JPG','2016-04-07 14:02:51'),(15,'63c77af23a93fcbac67418e6938048ca','locationpicture/rock_1_1460037801.94.JPG','2016-04-07 14:03:24'),(16,'63c77af23a93fcbac67418e6938048ca','category/aggregates_1460038602.68.jpg','2016-04-07 14:17:11'),(17,'63c77af23a93fcbac67418e6938048ca','category/pavers_1460038787.97.jpg','2016-04-07 14:19:48'),(18,'63c77af23a93fcbac67418e6938048ca','category/masonry_tools_1460039043.99.jpg','2016-04-07 14:24:04'),(19,'63c77af23a93fcbac67418e6938048ca','category/patio_1460038876.03.jpg','2016-04-07 14:24:04'),(20,'63c77af23a93fcbac67418e6938048ca','category/boulders_1460039472.8.jpg','2016-04-07 14:31:13'),(21,'63c77af23a93fcbac67418e6938048ca','category/thin_veneer_1460039594.73.jpg','2016-04-07 14:33:15'),(22,'63c77af23a93fcbac67418e6938048ca','category/chopped_/_drystack_1460039708.2.jpg','2016-04-07 14:35:08'),(23,'63c77af23a93fcbac67418e6938048ca','product/decomposed_granite_1460040405.7.jpg','2016-04-07 14:48:19'),(24,'63c77af23a93fcbac67418e6938048ca','product/buff_peach_1460040355.02.jpg','2016-04-07 14:48:19'),(25,'63c77af23a93fcbac67418e6938048ca','product/fossil_blend_1460040557.69.JPG','2016-04-07 14:49:27'),(26,'63c77af23a93fcbac67418e6938048ca','product/white_limestone_1460040650.23.jpg','2016-04-07 14:50:52'),(27,'63c77af23a93fcbac67418e6938048ca','product/tumbled_1460040740.82.jpg','2016-04-07 14:54:13'),(28,'63c77af23a93fcbac67418e6938048ca','product/tx_moss_rock_1460040829.4.jpg','2016-04-07 14:54:44'),(29,'63c77af23a93fcbac67418e6938048ca','product/ocean_mist_1460041218.53.jpg','2016-04-07 15:00:18'),(30,'63c77af23a93fcbac67418e6938048ca','product/tumbled_choc_gold_1460041035.88.jpg','2016-04-07 15:00:31'),(31,'63c77af23a93fcbac67418e6938048ca','product/limestone_1460041410.8.jpg','2016-04-07 15:18:05'),(32,'63c77af23a93fcbac67418e6938048ca','product/granite_1460041682.78.jpg','2016-04-07 15:18:05'),(33,'63c77af23a93fcbac67418e6938048ca','product/penn._lilac_1460042184.03.jpg','2016-04-07 15:18:05'),(34,'63c77af23a93fcbac67418e6938048ca','product/ok._river_carmel_1460042312.15.jpg','2016-04-07 15:18:32'),(35,'63c77af23a93fcbac67418e6938048ca','product/cambridge_1460041475.14.jpg','2016-04-07 15:28:35'),(36,'63c77af23a93fcbac67418e6938048ca','product/old_world_1460041748.25.jpg','2016-04-07 15:28:35'),(37,'63c77af23a93fcbac67418e6938048ca','product/lueders_blend_1460041376.67.jpg','2016-04-07 15:28:48'),(38,'63c77af23a93fcbac67418e6938048ca','product/sandstone_mix_1460041533.89.jpg','2016-04-07 15:28:48'),(39,'63c77af23a93fcbac67418e6938048ca','product/choc_gold_blue_1460041834.69.jpg','2016-04-07 15:28:48'),(40,'63c77af23a93fcbac67418e6938048ca','product/lueders_roughback_1460042361.93.jpg','2016-04-07 15:28:49'),(41,'63c77af23a93fcbac67418e6938048ca','product/ok_mix_1460042520.81.JPG','2016-04-07 15:28:49'),(42,'63c77af23a93fcbac67418e6938048ca','product/choc_gold_1460042702.05.jpg','2016-04-07 15:28:50'),(43,'63c77af23a93fcbac67418e6938048ca','product/choc_gold_1460041929.61.jpg','2016-04-07 15:29:04'),(44,'63c77af23a93fcbac67418e6938048ca','product/santa_clara_1460042391.8.jpg','2016-04-07 15:29:04'),(45,'63c77af23a93fcbac67418e6938048ca','product/leuders_choc_slabs_1460042659.46.jpg','2016-04-07 15:29:04'),(46,'63c77af23a93fcbac67418e6938048ca','product/mex_beach_pebbles_1460042879.48.jpg','2016-04-07 15:38:33'),(47,'63c77af23a93fcbac67418e6938048ca','product/az_river_rock_1460042755.1.jpg','2016-04-07 15:38:33'),(48,'63c77af23a93fcbac67418e6938048ca','product/fairland_pink_1460042563.72.jpg','2016-04-07 15:38:34'),(49,'63c77af23a93fcbac67418e6938048ca','product/pea_gravel_1460042455.22.jpg','2016-04-07 15:38:34'),(50,'63c77af23a93fcbac67418e6938048ca','product/buffed_peach_1460042130.24.JPG','2016-04-07 15:38:35'),(51,'63c77af23a93fcbac67418e6938048ca','product/washed_rock_1460042023.41.jpg','2016-04-07 15:38:35'),(52,'63c77af23a93fcbac67418e6938048ca','product/hill_country_1460041603.1.jpg','2016-04-07 15:38:36'),(53,'63c77af23a93fcbac67418e6938048ca','product/black_bassalt_1460041295.11.jpg','2016-04-07 15:38:37'),(54,'63c77af23a93fcbac67418e6938048ca','product/creme_sawn_1460043853.61.JPG','2016-04-07 15:51:41'),(55,'63c77af23a93fcbac67418e6938048ca','product/az_sunset_1460043988.27.JPG','2016-04-07 15:51:41'),(56,'63c77af23a93fcbac67418e6938048ca','product/khaki_1460044074.75.JPG','2016-04-07 15:51:42'),(57,'63c77af23a93fcbac67418e6938048ca','product/black_mexican_1460044164.12.jpg','2016-04-07 15:51:42'),(58,'63c77af23a93fcbac67418e6938048ca','product/lueders_fossil_slabs_1460044266.15.jpg','2016-04-07 15:51:42'),(59,'63c77af23a93fcbac67418e6938048ca','product/tumbled_mix_1460044642.36.jpg','2016-04-07 15:57:34'),(60,'63c77af23a93fcbac67418e6938048ca','product/ok_sunset_1460044585.77.jpg','2016-04-07 15:57:34'),(61,'63c77af23a93fcbac67418e6938048ca','product/classic_oak_1460044537.05.jpg','2016-04-07 15:57:34'),(62,'63c77af23a93fcbac67418e6938048ca','product/cafe_1460044486.83.JPG','2016-04-07 15:57:34'),(63,'63c77af23a93fcbac67418e6938048ca','product/ok_sandstone_1460044447.68.jpg','2016-04-07 15:57:35'),(64,'63c77af23a93fcbac67418e6938048ca','product/okie_ledge_1460044361.56.jpg','2016-04-07 15:57:35'),(65,'63c77af23a93fcbac67418e6938048ca','projecttype/pools_1460044835.91.tif','2016-04-07 16:00:44'),(66,'63c77af23a93fcbac67418e6938048ca','projecttype/outdoor_kitchens_1460045058.93.jpg','2016-04-07 16:08:27'),(67,'63c77af23a93fcbac67418e6938048ca','projecttype/exterior_stone_1460045304.25.jpg','2016-04-07 16:08:27'),(68,'63c77af23a93fcbac67418e6938048ca','projecttype/water_features_1460045360.68.JPG','2016-04-07 16:09:23'),(69,'63c77af23a93fcbac67418e6938048ca','project/palm_pool_1460045541.84.tif','2016-04-07 16:12:23'),(70,'63c77af23a93fcbac67418e6938048ca','project/retaining_wall_1460045618.2.tif','2016-04-07 16:13:44'),(71,'63c77af23a93fcbac67418e6938048ca','project/tumbled_pavers_1460045735.33.tif','2016-04-07 16:15:37'),(72,'63c77af23a93fcbac67418e6938048ca','project/tumbled_pavers_1460045835.19.tif','2016-04-07 16:17:19'),(73,'63c77af23a93fcbac67418e6938048ca','project/limestone_coping_1460045906.87.jpg','2016-04-07 16:18:37'),(74,'63c77af23a93fcbac67418e6938048ca','project/limestone_grill_1460046034.31.jpg','2016-04-07 16:20:35'),(75,'63c77af23a93fcbac67418e6938048ca','project/oklahoma_1460046101.13.tif','2016-04-07 16:21:42'),(76,'63c77af23a93fcbac67418e6938048ca','project/oklahoma_grill_1460046210.62.tif','2016-04-07 16:23:36'),(77,'63c77af23a93fcbac67418e6938048ca','project/chopped_fountain_1460046341.05.jpg','2016-04-07 16:25:41'),(78,'63c77af23a93fcbac67418e6938048ca','project/sandstone_waterfall_1460047086.37.jpg','2016-04-07 16:38:09'),(79,'63c77af23a93fcbac67418e6938048ca','project/wall_waterfall_1460047163.32.JPG','2016-04-07 16:39:25'),(80,'63c77af23a93fcbac67418e6938048ca','project/bridge_1460047215.25.tif','2016-04-07 16:40:18'),(81,'63c77af23a93fcbac67418e6938048ca','project/ok_waterfall_1460047321.18.JPG','2016-04-07 16:42:03'),(82,'63c77af23a93fcbac67418e6938048ca','project/water_walkway_1460047384.69.jpg','2016-04-07 16:43:09'),(83,'63c77af23a93fcbac67418e6938048ca','project/stone_turrets_1460047625.15.JPG','2016-04-07 16:47:06'),(84,'63c77af23a93fcbac67418e6938048ca','project/limestone_house_1460047686.26.jpg','2016-04-07 16:48:07'),(85,'63c77af23a93fcbac67418e6938048ca','project/oklahoma_house_1460047735.73.JPG','2016-04-07 16:48:58'),(86,'63c77af23a93fcbac67418e6938048ca','project/office_1460047777.18.jpg','2016-04-07 16:49:39'),(87,'63c77af23a93fcbac67418e6938048ca','project/arch_1460047818.42.jpg','2016-04-07 16:50:21'),(88,'63c77af23a93fcbac67418e6938048ca','project/ok_entry_1460047869.55.jpg','2016-04-07 16:51:11'),(89,'63c77af23a93fcbac67418e6938048ca','project/chocolate_arch_1460047938.74.jpg','2016-04-07 16:52:21'),(90,'63c77af23a93fcbac67418e6938048ca','project/retaining_wall_1460047999.55.jpg','2016-04-07 16:53:22'),(91,'63c77af23a93fcbac67418e6938048ca','locationpicture/rock_1_1460037835.45.JPG','2016-04-07 16:54:28'),(92,'63c77af23a93fcbac67418e6938048ca','locationpicture/rock_2_1460048121.3.JPG','2016-04-07 16:55:24'),(93,'63c77af23a93fcbac67418e6938048ca','locationpicture/rock_2_1460048141.64.JPG','2016-04-07 16:55:44'),(94,'63c77af23a93fcbac67418e6938048ca','locationpicture/rock_2_1460048169.08.JPG','2016-04-07 16:56:11'),(95,'63c77af23a93fcbac67418e6938048ca','locationpicture/rock_2_1460048189.06.JPG','2016-04-07 16:56:32'),(96,'63c77af23a93fcbac67418e6938048ca','locationpicture/rock_3_1460048242.15.JPG','2016-04-07 16:57:24'),(97,'63c77af23a93fcbac67418e6938048ca','locationpicture/rock_3_1460048260.24.JPG','2016-04-07 16:57:42'),(98,'63c77af23a93fcbac67418e6938048ca','locationpicture/rock_3_1460048278.13.JPG','2016-04-07 16:58:01'),(99,'63c77af23a93fcbac67418e6938048ca','locationpicture/rock_4_1460048320.41.JPG','2016-04-07 16:58:42'),(100,'63c77af23a93fcbac67418e6938048ca','locationpicture/rock_4_1460048337.17.JPG','2016-04-07 16:58:59'),(101,'63c77af23a93fcbac67418e6938048ca','locationpicture/rock_2_1460048213.09.JPG','2016-04-07 16:59:22'),(102,'63c77af23a93fcbac67418e6938048ca','locationpicture/rock_3_1460048296.06.JPG','2016-04-07 17:55:11'),(103,'63c77af23a93fcbac67418e6938048ca','locationpicture/rock_4_1460048356.2.JPG','2016-04-13 15:17:02'),(104,'63c77af23a93fcbac67418e6938048ca','category/water_features_1487961064.22.jpg','2017-02-24 18:31:05'),(105,'63c77af23a93fcbac67418e6938048ca','product/manhatta_1487961064.48.jpg','2017-02-24 18:31:06'),(106,'63c77af23a93fcbac67418e6938048ca','product/medici_ellipse_1487961170.35.jpg','2017-02-24 18:32:52'),(107,'63c77af23a93fcbac67418e6938048ca','product/ying_yang_pot_1487961262.55.jpg','2017-02-24 18:34:24'),(108,'63c77af23a93fcbac67418e6938048ca','product/recife_1487961348.03.jpg','2017-02-24 18:35:49'),(109,'63c77af23a93fcbac67418e6938048ca','product/palazzo_1487961435.48.jpg','2017-02-24 18:37:16'),(110,'63c77af23a93fcbac67418e6938048ca','product/triad_1487961495.85.jpg','2017-02-24 18:38:17'),(111,'63c77af23a93fcbac67418e6938048ca','product/portween_1487961585.88.jpg','2017-02-24 18:39:47'),(112,'63c77af23a93fcbac67418e6938048ca','product/condotti_obelisk_1487961733.13.jpg','2017-02-24 18:42:14'),(113,'63c77af23a93fcbac67418e6938048ca','product/medici_ellipse_1487961768.23.jpg','2017-02-24 18:42:50'),(114,'63c77af23a93fcbac67418e6938048ca','product/andra_1487961835.34.jpg','2017-02-24 18:43:56'),(115,'63c77af23a93fcbac67418e6938048ca','product/adirondack_1487961929.5.jpg','2017-02-24 18:45:34'),(116,'63c77af23a93fcbac67418e6938048ca','product/paradise_1487962058.77.jpg','2017-02-24 18:47:41'),(117,'63c77af23a93fcbac67418e6938048ca','product/williamsburg_chiswell_1487962091.79.jpg','2017-02-24 18:48:14'),(118,'63c77af23a93fcbac67418e6938048ca','product/longwood_arabesque_1487962143.2.jpg','2017-02-24 18:49:08'),(119,'63c77af23a93fcbac67418e6938048ca','product/acorn_1487963642.95.jpg','2017-02-24 19:14:06'),(120,'63c77af23a93fcbac67418e6938048ca','product/rittenhouse_1487964837.25.jpg','2017-02-24 19:33:59'),(121,'63c77af23a93fcbac67418e6938048ca','category/patio_1487966506.57.jpg','2017-02-24 20:01:47'),(122,'63c77af23a93fcbac67418e6938048ca','contentpage/landscaping_1488209165.31.jpg','2017-02-27 15:26:05'),(123,'63c77af23a93fcbac67418e6938048ca','contentpage/eldorado_products_1488209361.5.jpg','2017-02-27 15:29:22'),(124,'63c77af23a93fcbac67418e6938048ca','contentpage/landscaping_1488209531.35.jpg','2017-02-27 15:32:12'),(125,'63c77af23a93fcbac67418e6938048ca','project/helix_1460047458.23.jpg','2017-02-27 20:30:01'),(126,'63c77af23a93fcbac67418e6938048ca','category/eldorado_1488230975.31.jpg','2017-02-27 21:29:36'),(127,'63c77af23a93fcbac67418e6938048ca','category/soils__sands_1488238584.34.jpg','2017-02-27 23:36:25'),(128,'63c77af23a93fcbac67418e6938048ca','category/fire__water_bowls_1488238692.22.jpg','2017-02-27 23:38:12'),(129,'63c77af23a93fcbac67418e6938048ca','project/oklahoma_1488291309.16.jpg','2017-02-28 14:15:15'),(130,'63c77af23a93fcbac67418e6938048ca','project/oklahoma_1488291624.5.JPG','2017-02-28 14:20:25'),(131,'63c77af23a93fcbac67418e6938048ca','project/limestone_1488291735.5.JPG','2017-02-28 14:22:18'),(132,'63c77af23a93fcbac67418e6938048ca','project/facade_1488291923.03.jpg','2017-02-28 14:25:24'),(133,'63c77af23a93fcbac67418e6938048ca','project/stone_turrets_1488292028.81.JPG','2017-02-28 14:27:10'),(134,'63c77af23a93fcbac67418e6938048ca','project/limestone_1488292112.54.jpg','2017-02-28 14:28:33'),(135,'63c77af23a93fcbac67418e6938048ca','project/ledge_1488292341.1.jpg','2017-02-28 14:32:22'),(136,'63c77af23a93fcbac67418e6938048ca','project/oklahoma_1488292737.7.jpg','2017-02-28 14:38:59'),(137,'63c77af23a93fcbac67418e6938048ca','projecttype/water_features_1488294751.36.jpg','2017-02-28 15:12:32'),(138,'63c77af23a93fcbac67418e6938048ca','projecttype/patio_1488295439.78.jpg','2017-02-28 15:24:00'),(139,'63c77af23a93fcbac67418e6938048ca','projecttype/water_features_1488295571.34.jpg','2017-02-28 15:26:12'),(140,'63c77af23a93fcbac67418e6938048ca','category/building_stones_1488296298.84.jpg','2017-02-28 15:38:19'),(141,'63c77af23a93fcbac67418e6938048ca','product/tumbled_1488297247.02.jpg','2017-02-28 15:54:08'),(142,'63c77af23a93fcbac67418e6938048ca','product/limestone_chop_1488297871.93.jpg','2017-02-28 16:04:33'),(143,'63c77af23a93fcbac67418e6938048ca','product/texas_mix_1488298396.36.jpg','2017-02-28 16:13:17'),(144,'63c77af23a93fcbac67418e6938048ca','product/cave_rock_1488298487.67.jpg','2017-02-28 16:14:49'),(145,'63c77af23a93fcbac67418e6938048ca','product/yellow_chop_1488298608.7.jpg','2017-02-28 16:16:50'),(146,'63c77af23a93fcbac67418e6938048ca','product/creme_chop_1488298700.37.jpg','2017-02-28 16:18:21'),(147,'63c77af23a93fcbac67418e6938048ca','product/tumbled_blue_1488298796.98.jpg','2017-02-28 16:19:58'),(148,'63c77af23a93fcbac67418e6938048ca','product/okie_ledge_1488298977.01.jpg','2017-02-28 16:22:58'),(149,'63c77af23a93fcbac67418e6938048ca','product/buff_peach_1488299175.94.jpg','2017-02-28 16:26:19'),(150,'63c77af23a93fcbac67418e6938048ca','product/bone_chop_1488299283.47.jpg','2017-02-28 16:28:06'),(151,'63c77af23a93fcbac67418e6938048ca','product/driftwood_1488299429.05.jpg','2017-02-28 16:30:45'),(152,'63c77af23a93fcbac67418e6938048ca','product/santa_fe_sunset_1488300641.72.JPG','2017-02-28 16:50:43'),(153,'63c77af23a93fcbac67418e6938048ca','gallery/1224_Travis_Bluff_67.jpg','2017-02-28 17:00:36'),(154,'63c77af23a93fcbac67418e6938048ca','gallery/BedRock-131.JPG','2017-02-28 17:02:55'),(155,'63c77af23a93fcbac67418e6938048ca','gallery/IMG_1436.JPG','2017-02-28 17:13:00'),(156,'63c77af23a93fcbac67418e6938048ca','gallery/78219_PagodaFountainStones_Environment.jpg','2017-02-28 17:14:07'),(157,'63c77af23a93fcbac67418e6938048ca','gallery/ESR100_2.jpg','2017-02-28 17:14:39'),(158,'63c77af23a93fcbac67418e6938048ca','gallery/6503.jpg','2017-02-28 17:15:26'),(159,'63c77af23a93fcbac67418e6938048ca','gallery/vista-wallpaper-stone-pattern.jpg','2017-02-28 17:16:23'),(160,'63c77af23a93fcbac67418e6938048ca','gallery/DSCF1317.JPG','2017-02-28 17:17:08'),(161,'63c77af23a93fcbac67418e6938048ca','gallery/1224_Travis_Bluff_47.jpg','2017-02-28 17:21:23'),(162,'63c77af23a93fcbac67418e6938048ca','product/lueders_buff_1488303030.93.jpg','2017-02-28 17:30:31'),(163,'63c77af23a93fcbac67418e6938048ca','product/copper_mountain_1488303106.58.jpg','2017-02-28 17:31:48'),(164,'63c77af23a93fcbac67418e6938048ca','product/blue_weathered_1488303162.92.jpg','2017-02-28 17:32:44'),(165,'63c77af23a93fcbac67418e6938048ca','product/blue_weathered_1488303210.1.jpg','2017-02-28 17:33:32'),(166,'63c77af23a93fcbac67418e6938048ca','product/golden_creme_1488303327.82.JPG','2017-02-28 17:35:29'),(167,'63c77af23a93fcbac67418e6938048ca','product/ok_chocolate_1488303415.35.JPG','2017-02-28 17:36:57'),(168,'63c77af23a93fcbac67418e6938048ca','product/arizona_rose_1488303564.14.jpg','2017-02-28 17:39:26'),(169,'63c77af23a93fcbac67418e6938048ca','product/ok_chocolate_1488303718.81.jpg','2017-02-28 17:41:59'),(170,'63c77af23a93fcbac67418e6938048ca','product/lueders_buff_1488303967.8.jpg','2017-02-28 17:46:08'),(171,'63c77af23a93fcbac67418e6938048ca','contentpage/natural_stone_1488388638.3.jpg','2017-03-01 17:17:19'),(172,'63c77af23a93fcbac67418e6938048ca','category/pavers_1488393054.14.jpg','2017-03-01 18:30:55'),(173,'63c77af23a93fcbac67418e6938048ca','category/pavers_1488393394.08.jpg','2017-03-01 18:36:35'),(174,'63c77af23a93fcbac67418e6938048ca','product/belgard_circle_1488393536.88.JPG','2017-03-01 18:38:59'),(175,'63c77af23a93fcbac67418e6938048ca','product/limestone_1488393589.55.jpg','2017-03-01 18:39:52'),(176,'63c77af23a93fcbac67418e6938048ca','product/special_design_1488393628.64.jpg','2017-03-01 18:40:31'),(177,'63c77af23a93fcbac67418e6938048ca','product/special_design_1488393668.1.jpg','2017-03-01 18:41:11'),(178,'63c77af23a93fcbac67418e6938048ca','product/oklahoma_1488393713.0.jpg','2017-03-01 18:42:00'),(179,'63c77af23a93fcbac67418e6938048ca','product/belgard_1488393788.17.jpg','2017-03-01 18:43:10'),(180,'63c77af23a93fcbac67418e6938048ca','product/hardscape_1488466871.02.jpg','2017-03-02 15:01:12'),(181,'63c77af23a93fcbac67418e6938048ca','product/texas_moss_1488466897.31.jpg','2017-03-02 15:01:40'),(182,'63c77af23a93fcbac67418e6938048ca','product/ok_border_1488466942.96.jpg','2017-03-02 15:02:25'),(183,'63c77af23a93fcbac67418e6938048ca','product/ok_border_1488466944.2.jpg','2017-03-02 15:02:46'),(184,'63c77af23a93fcbac67418e6938048ca','product/carmel_1488467033.03.JPG','2017-03-02 15:03:56'),(185,'63c77af23a93fcbac67418e6938048ca','product/beams_1488467125.6.jpg','2017-03-02 15:05:27'),(186,'63c77af23a93fcbac67418e6938048ca','product/beams_1488467166.94.jpg','2017-03-02 15:06:09'),(187,'63c77af23a93fcbac67418e6938048ca','product/dino_1488467209.85.jpg','2017-03-02 15:06:53'),(188,'63c77af23a93fcbac67418e6938048ca','product/caramel_1488467294.74.jpg','2017-03-02 15:08:16'),(189,'63c77af23a93fcbac67418e6938048ca','product/planter_1488467359.58.jpg','2017-03-02 15:09:21'),(190,'63c77af23a93fcbac67418e6938048ca','product/texas_moss_1488467445.76.jpg','2017-03-02 15:10:48'),(191,'63c77af23a93fcbac67418e6938048ca','product/honeycomb_1488467500.69.jpg','2017-03-02 15:11:44'),(192,'63c77af23a93fcbac67418e6938048ca','product/waterfall_1488467543.46.jpg','2017-03-02 15:12:26'),(193,'63c77af23a93fcbac67418e6938048ca','product/texas_moss_1488467610.79.JPG','2017-03-02 15:13:33'),(194,'63c77af23a93fcbac67418e6938048ca','product/amphora_1488470855.74.jpg','2017-03-02 16:07:40'),(195,'63c77af23a93fcbac67418e6938048ca','product/mini_slate_1488470933.1.jpg','2017-03-02 16:08:58'),(196,'63c77af23a93fcbac67418e6938048ca','product/mongolian_bassalt_1488471036.01.jpg','2017-03-02 16:10:39'),(197,'63c77af23a93fcbac67418e6938048ca','product/mongolian_bassalt_1488471134.24.jpg','2017-03-02 16:12:35'),(198,'63c77af23a93fcbac67418e6938048ca','product/polished_ornament_1488471216.57.jpg','2017-03-02 16:13:44'),(199,'63c77af23a93fcbac67418e6938048ca','product/leaning_vase_1488471290.62.jpg','2017-03-02 16:14:55'),(200,'63c77af23a93fcbac67418e6938048ca','product/small_slate_1488471353.89.jpg','2017-03-02 16:15:58'),(201,'63c77af23a93fcbac67418e6938048ca','category/landscape_stone_1488552465.57.jpg','2017-03-03 14:47:46'),(202,'63c77af23a93fcbac67418e6938048ca','category/landscape_stone_1488561067.74.jpg','2017-03-03 17:11:08'),(203,'63c77af23a93fcbac67418e6938048ca','category/building__landscape_supplies_1488810126.8.jpg','2017-03-06 14:22:07'),(204,'63c77af23a93fcbac67418e6938048ca','product/fabric_1488810294.14.jpg','2017-03-06 14:24:55'),(205,'63c77af23a93fcbac67418e6938048ca','product/metal_edging_1488810294.32.JPG','2017-03-06 14:24:55'),(206,'63c77af23a93fcbac67418e6938048ca','product/tools__equipmet_1488810294.44.jpg','2017-03-06 14:24:55'),(207,'63c77af23a93fcbac67418e6938048ca','product/c.m.u_1488810471.1.jpg','2017-03-06 14:27:52'),(208,'63c77af23a93fcbac67418e6938048ca','product/keystone_1488810508.47.jpg','2017-03-06 14:28:31'),(209,'63c77af23a93fcbac67418e6938048ca','product/borders__edging_1488811326.55.jpg','2017-03-06 14:42:07'),(210,'63c77af23a93fcbac67418e6938048ca','product/adhesives_/_bonding_1488811442.5.jpg','2017-03-06 14:44:04'),(211,'63c77af23a93fcbac67418e6938048ca','product/metal_products_1488811535.22.jpg','2017-03-06 14:45:37'),(212,'63c77af23a93fcbac67418e6938048ca','product/fabric_1488812775.88.JPG','2017-03-06 15:06:17'),(213,'63c77af23a93fcbac67418e6938048ca','product/fabric_1488813093.49.JPG','2017-03-06 15:11:34'),(214,'63c77af23a93fcbac67418e6938048ca','product/cement_1488814752.02.jpg','2017-03-06 15:39:12'),(215,'63c77af23a93fcbac67418e6938048ca','product/fire_clay_1488814752.14.jpg','2017-03-06 15:39:13'),(216,'63c77af23a93fcbac67418e6938048ca','product/fire_brick_1488814752.18.jpg','2017-03-06 15:39:13'),(217,'63c77af23a93fcbac67418e6938048ca','product/sealers_1488814752.22.jpg','2017-03-06 15:39:13'),(218,'63c77af23a93fcbac67418e6938048ca','product/trowels_1488814752.26.jpg','2017-03-06 15:39:13'),(219,'63c77af23a93fcbac67418e6938048ca','product/ox_blades_1488814752.33.jpg','2017-03-06 15:39:13'),(220,'63c77af23a93fcbac67418e6938048ca','product/tex_clean_1488814861.42.jpg','2017-03-06 15:41:02'),(221,'63c77af23a93fcbac67418e6938048ca','product/mixers_1488815005.87.jpg','2017-03-06 15:43:27'),(222,'63c77af23a93fcbac67418e6938048ca','product/muck_trucks_1488815093.73.png','2017-03-06 15:44:54'),(223,'63c77af23a93fcbac67418e6938048ca','product/hand_tools_1488820305.67.jpg','2017-03-06 17:11:46'),(224,'63c77af23a93fcbac67418e6938048ca','product/hand_tools_1488820450.71.jpg','2017-03-06 17:14:11'),(225,'63c77af23a93fcbac67418e6938048ca','product/mixers_1488820524.83.jpg','2017-03-06 17:15:26'),(226,'63c77af23a93fcbac67418e6938048ca','project/limestone_pool_1488895993.18.jpg','2017-03-07 14:13:14'),(227,'63c77af23a93fcbac67418e6938048ca','project/oklahoma_waterfall_1488896045.73.JPG','2017-03-07 14:14:08'),(228,'63c77af23a93fcbac67418e6938048ca','project/oklahoma_waterfall_1488896196.27.JPG','2017-03-07 14:16:38'),(229,'63c77af23a93fcbac67418e6938048ca','project/oklahoma_pool_1488896268.28.jpg','2017-03-07 14:17:50'),(230,'63c77af23a93fcbac67418e6938048ca','project/limestone_fountain_1488896537.34.JPG','2017-03-07 14:22:19'),(231,'63c77af23a93fcbac67418e6938048ca','project/oklahoma_pool_1488896646.92.JPG','2017-03-07 14:24:09'),(232,'63c77af23a93fcbac67418e6938048ca','project/caramel_waterfall_1488896815.08.jpg','2017-03-07 14:26:58'),(233,'63c77af23a93fcbac67418e6938048ca','project/landscape_feature_1488896899.52.jpg','2017-03-07 14:28:21'),(234,'63c77af23a93fcbac67418e6938048ca','product/oklahoma_chocolate_gold_1488897267.89.jpg','2017-03-07 14:34:30'),(235,'63c77af23a93fcbac67418e6938048ca','product/arizona_rosa_1488897432.01.jpg','2017-03-07 14:37:14'),(236,'63c77af23a93fcbac67418e6938048ca','product/lueders_buff_1488897558.35.jpg','2017-03-07 14:39:19'),(237,'63c77af23a93fcbac67418e6938048ca','product/creme_fossil_1488897625.1.jpg','2017-03-07 14:40:26'),(238,'63c77af23a93fcbac67418e6938048ca','product/bedrock_mix_1488897858.03.jpg','2017-03-07 14:44:20'),(239,'63c77af23a93fcbac67418e6938048ca','product/chocolate_gold_blue_1488897921.16.jpg','2017-03-07 14:45:22'),(240,'63c77af23a93fcbac67418e6938048ca','product/santa_fe_sunset_dark_1488897962.7.jpg','2017-03-07 14:46:04'),(241,'63c77af23a93fcbac67418e6938048ca','product/az_sunset_1488898099.58.jpg','2017-03-07 14:48:20'),(242,'63c77af23a93fcbac67418e6938048ca','product/az_sunset_1488898167.43.jpg','2017-03-07 14:49:28'),(243,'63c77af23a93fcbac67418e6938048ca','project/oklahoma_arch_1488899637.57.jpg','2017-03-07 15:13:58'),(244,'63c77af23a93fcbac67418e6938048ca','project/caramel_border_1488899804.94.JPG','2017-03-07 15:16:47'),(245,'63c77af23a93fcbac67418e6938048ca','project/arch_1488900043.05.jpg','2017-03-07 15:20:45'),(246,'63c77af23a93fcbac67418e6938048ca','project/limestone_boulder_1488900126.09.jpg','2017-03-07 15:22:08'),(247,'63c77af23a93fcbac67418e6938048ca','project/gateg_1488900206.77.jpg','2017-03-07 15:23:28'),(248,'63c77af23a93fcbac67418e6938048ca','project/bedrock_landscape_1488900283.26.jpg','2017-03-07 15:24:45'),(249,'63c77af23a93fcbac67418e6938048ca','project/bedrock_walkway_1488900365.62.jpg','2017-03-07 15:26:07'),(250,'63c77af23a93fcbac67418e6938048ca','project/santa_clara_1488900614.63.JPG','2017-03-07 15:30:15'),(251,'63c77af23a93fcbac67418e6938048ca','project/buff_/_peach_1488900742.28.jpg','2017-03-07 15:32:25'),(252,'63c77af23a93fcbac67418e6938048ca','project/penn_full_color_1488900787.21.jpg','2017-03-07 15:33:09'),(253,'63c77af23a93fcbac67418e6938048ca','project/pacific_blue_1488900832.59.jpg','2017-03-07 15:33:54'),(254,'63c77af23a93fcbac67418e6938048ca','project/weathered_1488901653.98.jpg','2017-03-07 15:47:35'),(255,'63c77af23a93fcbac67418e6938048ca','project/oklahoma_1488901728.22.jpg','2017-03-07 15:48:49'),(256,'63c77af23a93fcbac67418e6938048ca','project/mexican_creme_1488901916.9.jpg','2017-03-07 15:52:02'),(257,'63c77af23a93fcbac67418e6938048ca','project/oklahoma_1488902052.5.jpg','2017-03-07 15:54:16'),(258,'63c77af23a93fcbac67418e6938048ca','project/oklahoma_1488904525.83.jpg','2017-03-07 16:35:39'),(259,'63c77af23a93fcbac67418e6938048ca','product/arizona_rosa_1488904772.83.jpg','2017-03-07 16:39:36'),(260,'63c77af23a93fcbac67418e6938048ca','product/bedrock_mix_1488904860.67.jpg','2017-03-07 16:41:02'),(261,'63c77af23a93fcbac67418e6938048ca','product/chocolate_gold_blue_1488904972.86.jpg','2017-03-07 16:42:55'),(262,'63c77af23a93fcbac67418e6938048ca','product/az_sunset_1488905172.26.jpg','2017-03-07 16:46:13'),(263,'63c77af23a93fcbac67418e6938048ca','product/chocolate_gold_blue_1488905318.92.jpg','2017-03-07 16:48:40'),(264,'63c77af23a93fcbac67418e6938048ca','product/chocolate_gold_blue_1488905634.31.jpg','2017-03-07 16:53:55'),(265,'63c77af23a93fcbac67418e6938048ca','product/bedrock_mix_1488905686.85.jpg','2017-03-07 16:54:49'),(266,'63c77af23a93fcbac67418e6938048ca','product/ok_chocolate_gold_1488905773.53.jpg','2017-03-07 16:56:14'),(267,'63c77af23a93fcbac67418e6938048ca','product/arizona_rosa_1488905773.63.jpg','2017-03-07 16:56:16'),(268,'63c77af23a93fcbac67418e6938048ca','product/az_sunset_1488905864.46.jpg','2017-03-07 16:57:45');
/*!40000 ALTER TABLE `easy_thumbnails_source` ENABLE KEYS */;
UNLOCK TABLES;

--
-- Table structure for table `easy_thumbnails_thumbnail`
--

DROP TABLE IF EXISTS `easy_thumbnails_thumbnail`;
/*!40101 SET @saved_cs_client     = @@character_set_client */;
/*!40101 SET character_set_client = utf8 */;
CREATE TABLE `easy_thumbnails_thumbnail` (
  `id` int(11) NOT NULL AUTO_INCREMENT,
  `storage_hash` varchar(40) NOT NULL,
  `name` varchar(255) NOT NULL,
  `modified` datetime NOT NULL,
  `source_id` int(11) NOT NULL,
  PRIMARY KEY (`id`),
  UNIQUE KEY `easy_thumbnails_thumbnail_storage_hash_fb375270_uniq` (`storage_hash`,`name`,`source_id`),
  KEY `easy_thumbnails__source_id_5b57bc77_fk_easy_thumbnails_source_id` (`source_id`),
  KEY `easy_thumbnails_thumbnail_b454e115` (`storage_hash`),
  KEY `easy_thumbnails_thumbnail_b068931c` (`name`),
  CONSTRAINT `easy_thumbnails__source_id_5b57bc77_fk_easy_thumbnails_source_id` FOREIGN KEY (`source_id`) REFERENCES `easy_thumbnails_source` (`id`)
) ENGINE=InnoDB AUTO_INCREMENT=836 DEFAULT CHARSET=latin1;
/*!40101 SET character_set_client = @saved_cs_client */;

--
-- Dumping data for table `easy_thumbnails_thumbnail`
--

LOCK TABLES `easy_thumbnails_thumbnail` WRITE;
/*!40000 ALTER TABLE `easy_thumbnails_thumbnail` DISABLE KEYS */;
INSERT INTO `easy_thumbnails_thumbnail` VALUES (1,'63c77af23a93fcbac67418e6938048ca','gallery/IMO101.jpg.300x300_q85_detail_upscale.jpg','2016-04-06 19:20:58',1),(2,'63c77af23a93fcbac67418e6938048ca','gallery/IMO101.jpg.430x360_q85_box-133,0,669,536_crop_detail.jpg','2016-04-06 19:21:09',1),(3,'63c77af23a93fcbac67418e6938048ca','gallery/_MG_0191_copyp5x7.tif.300x300_q85_detail_upscale.jpg','2016-04-06 19:24:44',2),(4,'63c77af23a93fcbac67418e6938048ca','gallery/IMO101.jpg.1440x675_q85_box-0,136,800,511_crop_detail.jpg','2016-04-06 19:25:03',1),(5,'63c77af23a93fcbac67418e6938048ca','gallery/_MG_0191_copyp5x7.tif.1440x675_q85_box-0,210,2100,1194_crop_detail.jpg','2016-04-06 19:25:04',2),(6,'63c77af23a93fcbac67418e6938048ca','gallery/IMO101.jpg.40x40_q85_box-133,0,669,536_crop_detail.jpg','2016-04-06 19:25:04',1),(7,'63c77af23a93fcbac67418e6938048ca','gallery/_MG_0191_copyp5x7.tif.40x40_q85_box-350,0,1750,1400_crop_detail.jpg','2016-04-06 19:25:05',2),(8,'63c77af23a93fcbac67418e6938048ca','gallery/_MG_0191_copyp5x7.tif.430x360_q85_box-350,0,1750,1400_crop_detail.jpg','2016-04-07 00:44:06',2),(9,'63c77af23a93fcbac67418e6938048ca','contentpage/natural_stone_1460036151.78.jpg.400x300_q85_box-0,0,3456,2592_crop_detail.jpg','2016-04-07 13:35:55',3),(10,'63c77af23a93fcbac67418e6938048ca','contentpage/landscaping_1460036334.46.tif.400x300_q85_box-117,0,1983,1400_crop_detail.jpg','2016-04-07 13:39:10',4),(11,'63c77af23a93fcbac67418e6938048ca','contentpage/customer_service_1460036481.46.JPG.400x300_q85_box-0,0,3456,2592_crop_detail.jpg','2016-04-07 13:41:23',5),(12,'63c77af23a93fcbac67418e6938048ca','contentpage/natural_stone_1460036151.78.jpg.300x300_q85_detail_upscale.jpg','2016-04-07 13:42:07',3),(13,'63c77af23a93fcbac67418e6938048ca','contentpage/manufactured_stone_1460036704.13.jpg.300x300_q85_detail_upscale.jpg','2016-04-07 13:45:14',6),(14,'63c77af23a93fcbac67418e6938048ca','contentpage/customer_service_1460036481.46.JPG.220x165_q85_box-0,0,3456,2592_crop_detail.jpg','2016-04-07 13:47:05',5),(15,'63c77af23a93fcbac67418e6938048ca','contentpage/landscaping_1460036334.46.tif.220x165_q85_box-117,0,1983,1400_crop_detail.jpg','2016-04-07 13:47:23',4),(16,'63c77af23a93fcbac67418e6938048ca','contentpage/natural_stone_1460036151.78.jpg.220x165_q85_box-0,0,3456,2592_crop_detail.jpg','2016-04-07 13:47:35',3),(17,'63c77af23a93fcbac67418e6938048ca','gallery/_MG_0858p8x12.tif.1440x675_q85_box-0,252,3600,1940_crop_detail.jpg','2016-04-07 13:55:35',7),(18,'63c77af23a93fcbac67418e6938048ca','gallery/Land110.jpg.1440x675_q85_box-0,1209,4550,3341_crop_detail.jpg','2016-04-07 13:55:36',8),(19,'63c77af23a93fcbac67418e6938048ca','gallery/_MG_0433p5x7.tif.1440x675_q85_box-0,120,2100,1104_crop_detail.jpg','2016-04-07 13:55:36',9),(20,'63c77af23a93fcbac67418e6938048ca','gallery/_MG_0858p8x12.tif.40x40_q85_box-704,0,2896,2192_crop_detail.jpg','2016-04-07 13:55:37',7),(21,'63c77af23a93fcbac67418e6938048ca','gallery/Land110.jpg.40x40_q85_box-0,0,4550,4550_crop_detail.jpg','2016-04-07 13:55:38',8),(22,'63c77af23a93fcbac67418e6938048ca','gallery/_MG_0433p5x7.tif.40x40_q85_box-438,0,1662,1224_crop_detail.jpg','2016-04-07 13:55:38',9),(23,'63c77af23a93fcbac67418e6938048ca','gallery/PP103.tif.1440x675_q85_box-0,356,3600,2044_crop_detail.jpg','2016-04-07 13:58:36',10),(24,'63c77af23a93fcbac67418e6938048ca','gallery/WF110.jpg.1440x675_q85_box-0,1684,7000,4966_crop_detail.jpg','2016-04-07 13:58:38',11),(25,'63c77af23a93fcbac67418e6938048ca','gallery/PP101.tif.1440x675_q85_box-0,356,3600,2044_crop_detail.jpg','2016-04-07 13:58:38',12),(26,'63c77af23a93fcbac67418e6938048ca','gallery/PP103.tif.40x40_q85_box-600,0,3000,2400_crop_detail.jpg','2016-04-07 13:58:39',10),(27,'63c77af23a93fcbac67418e6938048ca','gallery/WF110.jpg.40x40_q85_box-175,0,6825,6650_crop_detail.jpg','2016-04-07 13:58:40',11),(28,'63c77af23a93fcbac67418e6938048ca','gallery/PP101.tif.40x40_q85_box-600,0,3000,2400_crop_detail.jpg','2016-04-07 13:58:41',12),(29,'63c77af23a93fcbac67418e6938048ca','gallery/_MG_0858p8x12.tif.430x360_q85_box-704,0,2896,2192_crop_detail.jpg','2016-04-07 13:59:51',7),(30,'63c77af23a93fcbac67418e6938048ca','gallery/Land110.jpg.430x360_q85_box-0,0,4550,4550_crop_detail.jpg','2016-04-07 13:59:52',8),(31,'63c77af23a93fcbac67418e6938048ca','gallery/_MG_0433p5x7.tif.430x360_q85_box-438,0,1662,1224_crop_detail.jpg','2016-04-07 13:59:52',9),(32,'63c77af23a93fcbac67418e6938048ca','gallery/PP103.tif.430x360_q85_box-600,0,3000,2400_crop_detail.jpg','2016-04-07 13:59:52',10),(33,'63c77af23a93fcbac67418e6938048ca','gallery/WF110.jpg.430x360_q85_box-175,0,6825,6650_crop_detail.jpg','2016-04-07 13:59:54',11),(34,'63c77af23a93fcbac67418e6938048ca','gallery/PP101.tif.430x360_q85_box-600,0,3000,2400_crop_detail.jpg','2016-04-07 13:59:55',12),(35,'63c77af23a93fcbac67418e6938048ca','product/no_image.jpeg.300x300_q85_detail_upscale.jpg','2016-04-07 14:02:07',13),(36,'63c77af23a93fcbac67418e6938048ca','locationpicture/rock_1_1460037770.14.JPG.300x300_q85_detail_upscale.jpg','2016-04-07 14:02:51',14),(37,'63c77af23a93fcbac67418e6938048ca','locationpicture/rock_1_1460037801.94.JPG.300x300_q85_detail_upscale.jpg','2016-04-07 14:03:24',15),(38,'63c77af23a93fcbac67418e6938048ca','category/aggregates_1460038602.68.jpg.220x165_q85_box-0,0,400,300_crop_detail.jpg','2016-04-07 14:17:11',16),(39,'63c77af23a93fcbac67418e6938048ca','product/no_image.jpeg.430x360_q85_box-0,28,225,197_crop_detail.jpg','2016-04-07 14:17:58',13),(40,'63c77af23a93fcbac67418e6938048ca','category/aggregates_1460038602.68.jpg.430x360_q85_box-0,0,400,300_crop_detail.jpg','2016-04-07 14:17:58',16),(41,'63c77af23a93fcbac67418e6938048ca','category/pavers_1460038787.97.jpg.430x360_q85_box-0,28,225,197_crop_detail.jpg','2016-04-07 14:19:48',17),(42,'63c77af23a93fcbac67418e6938048ca','category/masonry_tools_1460039043.99.jpg.430x360_q85_box-24,0,374,263_crop_detail.jpg','2016-04-07 14:24:04',18),(43,'63c77af23a93fcbac67418e6938048ca','category/patio_1460038876.03.jpg.430x360_q85_box-0,0,400,300_crop_detail.jpg','2016-04-07 14:24:04',19),(44,'63c77af23a93fcbac67418e6938048ca','category/pavers_1460038787.97.jpg.220x165_q85_box-0,28,225,197_crop_detail.jpg','2016-04-07 14:24:07',17),(45,'63c77af23a93fcbac67418e6938048ca','category/patio_1460038876.03.jpg.220x165_q85_box-0,0,400,300_crop_detail.jpg','2016-04-07 14:24:07',19),(46,'63c77af23a93fcbac67418e6938048ca','category/masonry_tools_1460039043.99.jpg.220x165_q85_box-24,0,374,263_crop_detail.jpg','2016-04-07 14:24:07',18),(47,'63c77af23a93fcbac67418e6938048ca','category/pavers_1460038787.97.jpg.300x300_q85_detail_upscale.jpg','2016-04-07 14:24:27',17),(48,'63c77af23a93fcbac67418e6938048ca','category/pavers_1460038787.97.jpg.430x360_q85_box-31,11,371,266_crop_detail.jpg','2016-04-07 14:25:00',17),(49,'63c77af23a93fcbac67418e6938048ca','category/pavers_1460038787.97.jpg.220x165_q85_box-31,11,371,266_crop_detail.jpg','2016-04-07 14:25:04',17),(50,'63c77af23a93fcbac67418e6938048ca','category/boulders_1460039472.8.jpg.430x360_q85_box-45,0,755,533_crop_detail.jpg','2016-04-07 14:31:13',20),(51,'63c77af23a93fcbac67418e6938048ca','category/thin_veneer_1460039594.73.jpg.430x360_q85_box-30,0,270,180_crop_detail.jpg','2016-04-07 14:33:15',21),(52,'63c77af23a93fcbac67418e6938048ca','product/no_image.jpeg.220x165_q85_box-0,28,225,197_crop_detail.jpg','2016-04-07 14:33:39',13),(53,'63c77af23a93fcbac67418e6938048ca','category/boulders_1460039472.8.jpg.220x165_q85_box-45,0,755,533_crop_detail.jpg','2016-04-07 14:33:39',20),(54,'63c77af23a93fcbac67418e6938048ca','category/thin_veneer_1460039594.73.jpg.220x165_q85_box-30,0,270,180_crop_detail.jpg','2016-04-07 14:33:39',21),(55,'63c77af23a93fcbac67418e6938048ca','category/patio_1460038876.03.jpg.300x300_q85_detail_upscale.jpg','2016-04-07 14:33:59',19),(56,'63c77af23a93fcbac67418e6938048ca','category/chopped_/_drystack_1460039708.2.jpg.430x360_q85_box-0,28,225,197_crop_detail.jpg','2016-04-07 14:35:08',22),(57,'63c77af23a93fcbac67418e6938048ca','category/chopped_/_drystack_1460039708.2.jpg.220x165_q85_box-0,28,225,197_crop_detail.jpg','2016-04-07 14:35:12',22),(58,'63c77af23a93fcbac67418e6938048ca','product/no_image.jpeg.430x360_q85_crop_detail.jpg','2016-04-07 14:43:15',13),(59,'63c77af23a93fcbac67418e6938048ca','product/decomposed_granite_1460040405.7.jpg.430x360_q85_box-0,0,400,300_crop_detail.jpg','2016-04-07 14:48:19',23),(60,'63c77af23a93fcbac67418e6938048ca','product/buff_peach_1460040355.02.jpg.430x360_q85_box-0,0,640,480_crop_detail.jpg','2016-04-07 14:48:19',24),(61,'63c77af23a93fcbac67418e6938048ca','product/fossil_blend_1460040557.69.JPG.800x600_q85_box-0,0,400,300_crop_detail.jpg','2016-04-07 14:49:27',25),(62,'63c77af23a93fcbac67418e6938048ca','product/fossil_blend_1460040557.69.JPG.220x165_q85_box-0,0,400,300_crop_detail.jpg','2016-04-07 14:49:27',25),(63,'63c77af23a93fcbac67418e6938048ca','product/decomposed_granite_1460040405.7.jpg.800x600_q85_box-0,0,400,300_crop_detail.jpg','2016-04-07 14:49:33',23),(64,'63c77af23a93fcbac67418e6938048ca','product/decomposed_granite_1460040405.7.jpg.220x165_q85_box-0,0,400,300_crop_detail.jpg','2016-04-07 14:49:33',23),(65,'63c77af23a93fcbac67418e6938048ca','product/fossil_blend_1460040557.69.JPG.430x360_q85_box-0,0,400,300_crop_detail.jpg','2016-04-07 14:50:01',25),(66,'63c77af23a93fcbac67418e6938048ca','product/white_limestone_1460040650.23.jpg.430x360_q85_box-0,0,3456,2592_crop_detail.jpg','2016-04-07 14:50:52',26),(67,'63c77af23a93fcbac67418e6938048ca','product/tumbled_1460040740.82.jpg.800x600_q85_box-0,0,400,300_crop_detail.jpg','2016-04-07 14:54:13',27),(68,'63c77af23a93fcbac67418e6938048ca','product/tumbled_1460040740.82.jpg.220x165_q85_box-0,0,400,300_crop_detail.jpg','2016-04-07 14:54:14',27),(69,'63c77af23a93fcbac67418e6938048ca','product/buff_peach_1460040355.02.jpg.800x600_q85_box-0,0,640,480_crop_detail.jpg','2016-04-07 14:54:19',24),(70,'63c77af23a93fcbac67418e6938048ca','product/buff_peach_1460040355.02.jpg.220x165_q85_box-0,0,640,480_crop_detail.jpg','2016-04-07 14:54:19',24),(71,'63c77af23a93fcbac67418e6938048ca','product/white_limestone_1460040650.23.jpg.800x600_q85_box-0,0,3456,2592_crop_detail.jpg','2016-04-07 14:54:33',26),(72,'63c77af23a93fcbac67418e6938048ca','product/white_limestone_1460040650.23.jpg.220x165_q85_box-0,0,3456,2592_crop_detail.jpg','2016-04-07 14:54:34',26),(73,'63c77af23a93fcbac67418e6938048ca','product/tx_moss_rock_1460040829.4.jpg.800x600_q85_box-0,0,400,300_crop_detail.jpg','2016-04-07 14:54:44',28),(74,'63c77af23a93fcbac67418e6938048ca','product/tx_moss_rock_1460040829.4.jpg.220x165_q85_box-0,0,400,300_crop_detail.jpg','2016-04-07 14:54:44',28),(75,'63c77af23a93fcbac67418e6938048ca','product/ocean_mist_1460041218.53.jpg.300x300_q85_detail_upscale.jpg','2016-04-07 15:00:18',29),(76,'63c77af23a93fcbac67418e6938048ca','product/ocean_mist_1460041218.53.jpg.430x360_q85_box-0,0,640,480_crop_detail.jpg','2016-04-07 15:00:31',29),(77,'63c77af23a93fcbac67418e6938048ca','product/tumbled_choc_gold_1460041035.88.jpg.430x360_q85_box-23,0,377,266_crop_detail.jpg','2016-04-07 15:00:31',30),(78,'63c77af23a93fcbac67418e6938048ca','product/tx_moss_rock_1460040829.4.jpg.430x360_q85_box-0,0,400,300_crop_detail.jpg','2016-04-07 15:00:32',28),(79,'63c77af23a93fcbac67418e6938048ca','product/tumbled_1460040740.82.jpg.430x360_q85_box-0,0,400,300_crop_detail.jpg','2016-04-07 15:00:33',27),(80,'63c77af23a93fcbac67418e6938048ca','product/limestone_1460041410.8.jpg.800x600_q85_box-0,0,400,300_crop_detail.jpg','2016-04-07 15:18:05',31),(81,'63c77af23a93fcbac67418e6938048ca','product/limestone_1460041410.8.jpg.220x165_q85_box-0,0,400,300_crop_detail.jpg','2016-04-07 15:18:05',31),(82,'63c77af23a93fcbac67418e6938048ca','product/granite_1460041682.78.jpg.800x600_q85_box-0,0,400,300_crop_detail.jpg','2016-04-07 15:18:05',32),(83,'63c77af23a93fcbac67418e6938048ca','product/granite_1460041682.78.jpg.220x165_q85_box-0,0,400,300_crop_detail.jpg','2016-04-07 15:18:05',32),(84,'63c77af23a93fcbac67418e6938048ca','product/penn._lilac_1460042184.03.jpg.800x600_q85_box-0,0,400,300_crop_detail.jpg','2016-04-07 15:18:05',33),(85,'63c77af23a93fcbac67418e6938048ca','product/penn._lilac_1460042184.03.jpg.220x165_q85_box-0,0,400,300_crop_detail.jpg','2016-04-07 15:18:05',33),(86,'63c77af23a93fcbac67418e6938048ca','product/ok._river_carmel_1460042312.15.jpg.300x300_q85_detail_upscale.jpg','2016-04-07 15:18:32',34),(87,'63c77af23a93fcbac67418e6938048ca','product/ok._river_carmel_1460042312.15.jpg.800x600_q85_box-0,0,400,300_crop_detail.jpg','2016-04-07 15:27:34',34),(88,'63c77af23a93fcbac67418e6938048ca','product/ok._river_carmel_1460042312.15.jpg.220x165_q85_box-0,0,400,300_crop_detail.jpg','2016-04-07 15:27:34',34),(89,'63c77af23a93fcbac67418e6938048ca','product/cambridge_1460041475.14.jpg.800x600_q85_box-0,0,400,300_crop_detail.jpg','2016-04-07 15:28:35',35),(90,'63c77af23a93fcbac67418e6938048ca','product/cambridge_1460041475.14.jpg.220x165_q85_box-0,0,400,300_crop_detail.jpg','2016-04-07 15:28:35',35),(91,'63c77af23a93fcbac67418e6938048ca','product/old_world_1460041748.25.jpg.800x600_q85_box-0,0,400,300_crop_detail.jpg','2016-04-07 15:28:35',36),(92,'63c77af23a93fcbac67418e6938048ca','product/old_world_1460041748.25.jpg.220x165_q85_box-0,0,400,300_crop_detail.jpg','2016-04-07 15:28:36',36),(93,'63c77af23a93fcbac67418e6938048ca','product/tumbled_choc_gold_1460041035.88.jpg.800x600_q85_box-23,0,377,266_crop_detail.jpg','2016-04-07 15:28:47',30),(94,'63c77af23a93fcbac67418e6938048ca','product/tumbled_choc_gold_1460041035.88.jpg.220x165_q85_box-23,0,377,266_crop_detail.jpg','2016-04-07 15:28:47',30),(95,'63c77af23a93fcbac67418e6938048ca','product/lueders_blend_1460041376.67.jpg.800x600_q85_box-0,0,400,300_crop_detail.jpg','2016-04-07 15:28:48',37),(96,'63c77af23a93fcbac67418e6938048ca','product/lueders_blend_1460041376.67.jpg.220x165_q85_box-0,0,400,300_crop_detail.jpg','2016-04-07 15:28:48',37),(97,'63c77af23a93fcbac67418e6938048ca','product/sandstone_mix_1460041533.89.jpg.800x600_q85_box-0,0,400,300_crop_detail.jpg','2016-04-07 15:28:48',38),(98,'63c77af23a93fcbac67418e6938048ca','product/sandstone_mix_1460041533.89.jpg.220x165_q85_box-0,0,400,300_crop_detail.jpg','2016-04-07 15:28:48',38),(99,'63c77af23a93fcbac67418e6938048ca','product/choc_gold_blue_1460041834.69.jpg.800x600_q85_box-0,0,400,300_crop_detail.jpg','2016-04-07 15:28:48',39),(100,'63c77af23a93fcbac67418e6938048ca','product/choc_gold_blue_1460041834.69.jpg.220x165_q85_box-0,0,400,300_crop_detail.jpg','2016-04-07 15:28:48',39),(101,'63c77af23a93fcbac67418e6938048ca','product/lueders_roughback_1460042361.93.jpg.800x600_q85_box-0,0,400,300_crop_detail.jpg','2016-04-07 15:28:49',40),(102,'63c77af23a93fcbac67418e6938048ca','product/lueders_roughback_1460042361.93.jpg.220x165_q85_box-0,0,400,300_crop_detail.jpg','2016-04-07 15:28:49',40),(103,'63c77af23a93fcbac67418e6938048ca','product/ok_mix_1460042520.81.JPG.800x600_q85_box-22,0,378,267_crop_detail.jpg','2016-04-07 15:28:49',41),(104,'63c77af23a93fcbac67418e6938048ca','product/ok_mix_1460042520.81.JPG.220x165_q85_box-22,0,378,267_crop_detail.jpg','2016-04-07 15:28:49',41),(105,'63c77af23a93fcbac67418e6938048ca','product/choc_gold_1460042702.05.jpg.800x600_q85_box-0,0,400,300_crop_detail.jpg','2016-04-07 15:28:50',42),(106,'63c77af23a93fcbac67418e6938048ca','product/choc_gold_1460042702.05.jpg.220x165_q85_box-0,0,400,300_crop_detail.jpg','2016-04-07 15:28:50',42),(107,'63c77af23a93fcbac67418e6938048ca','product/ocean_mist_1460041218.53.jpg.800x600_q85_box-0,0,640,480_crop_detail.jpg','2016-04-07 15:29:03',29),(108,'63c77af23a93fcbac67418e6938048ca','product/ocean_mist_1460041218.53.jpg.220x165_q85_box-0,0,640,480_crop_detail.jpg','2016-04-07 15:29:03',29),(109,'63c77af23a93fcbac67418e6938048ca','product/choc_gold_1460041929.61.jpg.800x600_q85_box-0,0,640,480_crop_detail.jpg','2016-04-07 15:29:04',43),(110,'63c77af23a93fcbac67418e6938048ca','product/choc_gold_1460041929.61.jpg.220x165_q85_box-0,0,640,480_crop_detail.jpg','2016-04-07 15:29:04',43),(111,'63c77af23a93fcbac67418e6938048ca','product/santa_clara_1460042391.8.jpg.800x600_q85_box-0,0,400,300_crop_detail.jpg','2016-04-07 15:29:04',44),(112,'63c77af23a93fcbac67418e6938048ca','product/santa_clara_1460042391.8.jpg.220x165_q85_box-0,0,400,300_crop_detail.jpg','2016-04-07 15:29:04',44),(113,'63c77af23a93fcbac67418e6938048ca','product/leuders_choc_slabs_1460042659.46.jpg.800x600_q85_box-0,0,400,300_crop_detail.jpg','2016-04-07 15:29:04',45),(114,'63c77af23a93fcbac67418e6938048ca','product/leuders_choc_slabs_1460042659.46.jpg.220x165_q85_box-0,0,400,300_crop_detail.jpg','2016-04-07 15:29:04',45),(115,'63c77af23a93fcbac67418e6938048ca','product/mex_beach_pebbles_1460042879.48.jpg.430x360_q85_box-0,0,400,300_crop_detail.jpg','2016-04-07 15:38:33',46),(116,'63c77af23a93fcbac67418e6938048ca','product/az_river_rock_1460042755.1.jpg.430x360_q85_box-0,0,400,300_crop_detail.jpg','2016-04-07 15:38:33',47),(117,'63c77af23a93fcbac67418e6938048ca','product/choc_gold_1460042702.05.jpg.430x360_q85_box-0,0,400,300_crop_detail.jpg','2016-04-07 15:38:33',42),(118,'63c77af23a93fcbac67418e6938048ca','product/leuders_choc_slabs_1460042659.46.jpg.430x360_q85_box-0,0,400,300_crop_detail.jpg','2016-04-07 15:38:34',45),(119,'63c77af23a93fcbac67418e6938048ca','product/fairland_pink_1460042563.72.jpg.430x360_q85_box-0,0,400,300_crop_detail.jpg','2016-04-07 15:38:34',48),(120,'63c77af23a93fcbac67418e6938048ca','product/ok_mix_1460042520.81.JPG.430x360_q85_box-22,0,378,267_crop_detail.jpg','2016-04-07 15:38:34',41),(121,'63c77af23a93fcbac67418e6938048ca','product/pea_gravel_1460042455.22.jpg.430x360_q85_box-0,0,400,300_crop_detail.jpg','2016-04-07 15:38:34',49),(122,'63c77af23a93fcbac67418e6938048ca','product/santa_clara_1460042391.8.jpg.430x360_q85_box-0,0,400,300_crop_detail.jpg','2016-04-07 15:38:34',44),(123,'63c77af23a93fcbac67418e6938048ca','product/lueders_roughback_1460042361.93.jpg.430x360_q85_box-0,0,400,300_crop_detail.jpg','2016-04-07 15:38:34',40),(124,'63c77af23a93fcbac67418e6938048ca','product/ok._river_carmel_1460042312.15.jpg.430x360_q85_box-0,0,400,300_crop_detail.jpg','2016-04-07 15:38:35',34),(125,'63c77af23a93fcbac67418e6938048ca','product/penn._lilac_1460042184.03.jpg.430x360_q85_box-0,0,400,300_crop_detail.jpg','2016-04-07 15:38:35',33),(126,'63c77af23a93fcbac67418e6938048ca','product/buffed_peach_1460042130.24.JPG.430x360_q85_box-0,0,400,300_crop_detail.jpg','2016-04-07 15:38:35',50),(127,'63c77af23a93fcbac67418e6938048ca','product/washed_rock_1460042023.41.jpg.430x360_q85_box-0,0,400,300_crop_detail.jpg','2016-04-07 15:38:35',51),(128,'63c77af23a93fcbac67418e6938048ca','product/choc_gold_1460041929.61.jpg.430x360_q85_box-0,0,640,480_crop_detail.jpg','2016-04-07 15:38:35',43),(129,'63c77af23a93fcbac67418e6938048ca','product/choc_gold_blue_1460041834.69.jpg.430x360_q85_box-0,0,400,300_crop_detail.jpg','2016-04-07 15:38:36',39),(130,'63c77af23a93fcbac67418e6938048ca','product/old_world_1460041748.25.jpg.430x360_q85_box-0,0,400,300_crop_detail.jpg','2016-04-07 15:38:36',36),(131,'63c77af23a93fcbac67418e6938048ca','product/granite_1460041682.78.jpg.430x360_q85_box-0,0,400,300_crop_detail.jpg','2016-04-07 15:38:36',32),(132,'63c77af23a93fcbac67418e6938048ca','product/hill_country_1460041603.1.jpg.430x360_q85_box-0,0,400,300_crop_detail.jpg','2016-04-07 15:38:36',52),(133,'63c77af23a93fcbac67418e6938048ca','product/sandstone_mix_1460041533.89.jpg.430x360_q85_box-0,0,400,300_crop_detail.jpg','2016-04-07 15:38:36',38),(134,'63c77af23a93fcbac67418e6938048ca','product/cambridge_1460041475.14.jpg.430x360_q85_box-0,0,400,300_crop_detail.jpg','2016-04-07 15:38:36',35),(135,'63c77af23a93fcbac67418e6938048ca','product/limestone_1460041410.8.jpg.430x360_q85_box-0,0,400,300_crop_detail.jpg','2016-04-07 15:38:37',31),(136,'63c77af23a93fcbac67418e6938048ca','product/lueders_blend_1460041376.67.jpg.430x360_q85_box-0,0,400,300_crop_detail.jpg','2016-04-07 15:38:37',37),(137,'63c77af23a93fcbac67418e6938048ca','product/black_bassalt_1460041295.11.jpg.430x360_q85_box-0,0,400,300_crop_detail.jpg','2016-04-07 15:38:37',53),(138,'63c77af23a93fcbac67418e6938048ca','product/mex_beach_pebbles_1460042879.48.jpg.300x300_q85_detail_upscale.jpg','2016-04-07 15:38:58',46),(139,'63c77af23a93fcbac67418e6938048ca','product/creme_sawn_1460043853.61.JPG.800x600_q85_box-0,0,400,300_crop_detail.jpg','2016-04-07 15:51:41',54),(140,'63c77af23a93fcbac67418e6938048ca','product/creme_sawn_1460043853.61.JPG.220x165_q85_box-0,0,400,300_crop_detail.jpg','2016-04-07 15:51:41',54),(141,'63c77af23a93fcbac67418e6938048ca','product/az_sunset_1460043988.27.JPG.800x600_q85_box-0,0,400,300_crop_detail.jpg','2016-04-07 15:51:41',55),(142,'63c77af23a93fcbac67418e6938048ca','product/az_sunset_1460043988.27.JPG.220x165_q85_box-0,0,400,300_crop_detail.jpg','2016-04-07 15:51:42',55),(143,'63c77af23a93fcbac67418e6938048ca','product/khaki_1460044074.75.JPG.800x600_q85_box-0,0,400,300_crop_detail.jpg','2016-04-07 15:51:42',56),(144,'63c77af23a93fcbac67418e6938048ca','product/khaki_1460044074.75.JPG.220x165_q85_box-0,0,400,300_crop_detail.jpg','2016-04-07 15:51:42',56),(145,'63c77af23a93fcbac67418e6938048ca','product/black_mexican_1460044164.12.jpg.800x600_q85_box-0,0,400,300_crop_detail.jpg','2016-04-07 15:51:42',57),(146,'63c77af23a93fcbac67418e6938048ca','product/black_mexican_1460044164.12.jpg.220x165_q85_box-0,0,400,300_crop_detail.jpg','2016-04-07 15:51:42',57),(147,'63c77af23a93fcbac67418e6938048ca','product/lueders_fossil_slabs_1460044266.15.jpg.800x600_q85_box-0,0,400,300_crop_detail.jpg','2016-04-07 15:51:42',58),(148,'63c77af23a93fcbac67418e6938048ca','product/lueders_fossil_slabs_1460044266.15.jpg.220x165_q85_box-0,0,400,300_crop_detail.jpg','2016-04-07 15:51:42',58),(149,'63c77af23a93fcbac67418e6938048ca','product/tumbled_mix_1460044642.36.jpg.430x360_q85_box-0,0,400,300_crop_detail.jpg','2016-04-07 15:57:34',59),(150,'63c77af23a93fcbac67418e6938048ca','product/ok_sunset_1460044585.77.jpg.430x360_q85_box-0,0,640,480_crop_detail.jpg','2016-04-07 15:57:34',60),(151,'63c77af23a93fcbac67418e6938048ca','product/classic_oak_1460044537.05.jpg.430x360_q85_box-0,0,640,480_crop_detail.jpg','2016-04-07 15:57:34',61),(152,'63c77af23a93fcbac67418e6938048ca','product/cafe_1460044486.83.JPG.430x360_q85_box-0,0,778,584_crop_detail.jpg','2016-04-07 15:57:34',62),(153,'63c77af23a93fcbac67418e6938048ca','product/ok_sandstone_1460044447.68.jpg.430x360_q85_box-0,0,3456,2592_crop_detail.jpg','2016-04-07 15:57:35',63),(154,'63c77af23a93fcbac67418e6938048ca','product/okie_ledge_1460044361.56.jpg.430x360_q85_box-0,0,640,480_crop_detail.jpg','2016-04-07 15:57:35',64),(155,'63c77af23a93fcbac67418e6938048ca','product/lueders_fossil_slabs_1460044266.15.jpg.430x360_q85_box-0,0,400,300_crop_detail.jpg','2016-04-07 15:57:35',58),(156,'63c77af23a93fcbac67418e6938048ca','product/black_mexican_1460044164.12.jpg.430x360_q85_box-0,0,400,300_crop_detail.jpg','2016-04-07 15:57:35',57),(157,'63c77af23a93fcbac67418e6938048ca','product/khaki_1460044074.75.JPG.430x360_q85_box-0,0,400,300_crop_detail.jpg','2016-04-07 15:57:35',56),(158,'63c77af23a93fcbac67418e6938048ca','product/az_sunset_1460043988.27.JPG.430x360_q85_box-0,0,400,300_crop_detail.jpg','2016-04-07 15:57:35',55),(159,'63c77af23a93fcbac67418e6938048ca','product/creme_sawn_1460043853.61.JPG.430x360_q85_box-0,0,400,300_crop_detail.jpg','2016-04-07 15:57:35',54),(160,'63c77af23a93fcbac67418e6938048ca','projecttype/pools_1460044835.91.tif.220x165_q85_box-117,0,1983,1400_crop_detail.jpg','2016-04-07 16:00:44',65),(161,'63c77af23a93fcbac67418e6938048ca','projecttype/pools_1460044835.91.tif.430x360_q85_box-117,0,1983,1400_crop_detail.jpg','2016-04-07 16:01:08',65),(162,'63c77af23a93fcbac67418e6938048ca','projecttype/pools_1460044835.91.tif.300x300_q85_detail_upscale.jpg','2016-04-07 16:01:11',65),(163,'63c77af23a93fcbac67418e6938048ca','projecttype/pools_1460044835.91.tif.220x165_q85_box-119,0,1986,1400_crop_detail.jpg','2016-04-07 16:01:54',65),(164,'63c77af23a93fcbac67418e6938048ca','projecttype/outdoor_kitchens_1460045058.93.jpg.220x165_q85_box-27,0,453,320_crop_detail.jpg','2016-04-07 16:08:27',66),(165,'63c77af23a93fcbac67418e6938048ca','projecttype/exterior_stone_1460045304.25.jpg.220x165_q85_box-132,0,668,402_crop_detail.jpg','2016-04-07 16:08:27',67),(166,'63c77af23a93fcbac67418e6938048ca','projecttype/pools_1460044835.91.tif.430x360_q85_box-119,0,1986,1400_crop_detail.jpg','2016-04-07 16:09:03',65),(167,'63c77af23a93fcbac67418e6938048ca','projecttype/outdoor_kitchens_1460045058.93.jpg.430x360_q85_box-27,0,453,320_crop_detail.jpg','2016-04-07 16:09:03',66),(168,'63c77af23a93fcbac67418e6938048ca','projecttype/exterior_stone_1460045304.25.jpg.430x360_q85_box-132,0,668,402_crop_detail.jpg','2016-04-07 16:09:03',67),(169,'63c77af23a93fcbac67418e6938048ca','projecttype/water_features_1460045360.68.JPG.430x360_q85_box-0,28,225,197_crop_detail.jpg','2016-04-07 16:09:23',68),(170,'63c77af23a93fcbac67418e6938048ca','projecttype/water_features_1460045360.68.JPG.220x165_q85_box-0,28,225,197_crop_detail.jpg','2016-04-07 16:09:24',68),(171,'63c77af23a93fcbac67418e6938048ca','projecttype/water_features_1460045360.68.JPG.300x300_q85_detail_upscale.jpg','2016-04-07 16:09:32',68),(172,'63c77af23a93fcbac67418e6938048ca','projecttype/water_features_1460045360.68.JPG.430x360_q85_box-0,27,2012,1536_crop_detail.jpg','2016-04-07 16:09:44',68),(173,'63c77af23a93fcbac67418e6938048ca','projecttype/water_features_1460045360.68.JPG.220x165_q85_box-0,27,2012,1536_crop_detail.jpg','2016-04-07 16:09:45',68),(174,'63c77af23a93fcbac67418e6938048ca','project/palm_pool_1460045541.84.tif.300x300_q85_detail_upscale.jpg','2016-04-07 16:12:23',69),(175,'63c77af23a93fcbac67418e6938048ca','project/palm_pool_1460045541.84.tif.800x600_q85_box-200,0,3400,2400_crop_detail.jpg','2016-04-07 16:13:27',69),(176,'63c77af23a93fcbac67418e6938048ca','project/palm_pool_1460045541.84.tif.220x165_q85_box-200,0,3400,2400_crop_detail.jpg','2016-04-07 16:13:27',69),(177,'63c77af23a93fcbac67418e6938048ca','project/retaining_wall_1460045618.2.tif.300x300_q85_detail_upscale.jpg','2016-04-07 16:13:44',70),(178,'63c77af23a93fcbac67418e6938048ca','project/tumbled_pavers_1460045735.33.tif.300x300_q85_detail_upscale.jpg','2016-04-07 16:15:37',71),(179,'63c77af23a93fcbac67418e6938048ca','project/tumbled_pavers_1460045835.19.tif.300x300_q85_detail_upscale.jpg','2016-04-07 16:17:19',72),(180,'63c77af23a93fcbac67418e6938048ca','project/palm_pool_1460045541.84.tif.800x600_q85_box-204,0,3404,2400_crop_detail.jpg','2016-04-07 16:18:32',69),(181,'63c77af23a93fcbac67418e6938048ca','project/palm_pool_1460045541.84.tif.220x165_q85_box-204,0,3404,2400_crop_detail.jpg','2016-04-07 16:18:33',69),(182,'63c77af23a93fcbac67418e6938048ca','project/retaining_wall_1460045618.2.tif.800x600_q85_box-336,0,3264,2192_crop_detail.jpg','2016-04-07 16:18:34',70),(183,'63c77af23a93fcbac67418e6938048ca','project/retaining_wall_1460045618.2.tif.220x165_q85_box-336,0,3264,2192_crop_detail.jpg','2016-04-07 16:18:35',70),(184,'63c77af23a93fcbac67418e6938048ca','project/tumbled_pavers_1460045735.33.tif.800x600_q85_box-217,0,1878,1246_crop_detail.jpg','2016-04-07 16:18:35',71),(185,'63c77af23a93fcbac67418e6938048ca','project/tumbled_pavers_1460045735.33.tif.220x165_q85_box-217,0,1878,1246_crop_detail.jpg','2016-04-07 16:18:36',71),(186,'63c77af23a93fcbac67418e6938048ca','project/tumbled_pavers_1460045835.19.tif.800x600_q85_box-204,0,3404,2400_crop_detail.jpg','2016-04-07 16:18:36',72),(187,'63c77af23a93fcbac67418e6938048ca','project/tumbled_pavers_1460045835.19.tif.220x165_q85_box-204,0,3404,2400_crop_detail.jpg','2016-04-07 16:18:37',72),(188,'63c77af23a93fcbac67418e6938048ca','project/limestone_coping_1460045906.87.jpg.800x600_q85_box-83,0,1417,1000_crop_detail.jpg','2016-04-07 16:18:37',73),(189,'63c77af23a93fcbac67418e6938048ca','project/limestone_coping_1460045906.87.jpg.220x165_q85_box-83,0,1417,1000_crop_detail.jpg','2016-04-07 16:18:38',73),(190,'63c77af23a93fcbac67418e6938048ca','projecttype/outdoor_kitchens_1460045058.93.jpg.300x300_q85_detail_upscale.jpg','2016-04-07 16:19:52',66),(191,'63c77af23a93fcbac67418e6938048ca','project/limestone_grill_1460046034.31.jpg.300x300_q85_detail_upscale.jpg','2016-04-07 16:20:35',74),(192,'63c77af23a93fcbac67418e6938048ca','project/oklahoma_1460046101.13.tif.300x300_q85_detail_upscale.jpg','2016-04-07 16:21:42',75),(193,'63c77af23a93fcbac67418e6938048ca','projecttype/outdoor_kitchens_1460045058.93.jpg.430x360_q85_box-27,0,454,320_crop_detail.jpg','2016-04-07 16:22:49',66),(194,'63c77af23a93fcbac67418e6938048ca','projecttype/outdoor_kitchens_1460045058.93.jpg.220x165_q85_box-27,0,454,320_crop_detail.jpg','2016-04-07 16:22:57',66),(195,'63c77af23a93fcbac67418e6938048ca','project/limestone_grill_1460046034.31.jpg.800x600_q85_box-85,0,1418,1000_crop_detail.jpg','2016-04-07 16:22:59',74),(196,'63c77af23a93fcbac67418e6938048ca','project/limestone_grill_1460046034.31.jpg.220x165_q85_box-85,0,1418,1000_crop_detail.jpg','2016-04-07 16:22:59',74),(197,'63c77af23a93fcbac67418e6938048ca','project/oklahoma_1460046101.13.tif.800x600_q85_box-42,0,2058,1510_crop_detail.jpg','2016-04-07 16:23:00',75),(198,'63c77af23a93fcbac67418e6938048ca','project/oklahoma_1460046101.13.tif.220x165_q85_box-42,0,2058,1510_crop_detail.jpg','2016-04-07 16:23:00',75),(199,'63c77af23a93fcbac67418e6938048ca','product/no_image.jpeg.800x600_q85_box-0,28,225,197_crop_detail.jpg','2016-04-07 16:23:00',13),(200,'63c77af23a93fcbac67418e6938048ca','project/oklahoma_grill_1460046210.62.tif.800x600_q85_box-0,28,225,197_crop_detail.jpg','2016-04-07 16:23:36',76),(201,'63c77af23a93fcbac67418e6938048ca','project/oklahoma_grill_1460046210.62.tif.220x165_q85_box-0,28,225,197_crop_detail.jpg','2016-04-07 16:23:37',76),(202,'63c77af23a93fcbac67418e6938048ca','project/oklahoma_grill_1460046210.62.tif.300x300_q85_detail_upscale.jpg','2016-04-07 16:23:45',76),(203,'63c77af23a93fcbac67418e6938048ca','project/oklahoma_grill_1460046210.62.tif.800x600_q85_box-420,0,3588,2376_crop_detail.jpg','2016-04-07 16:24:01',76),(204,'63c77af23a93fcbac67418e6938048ca','project/oklahoma_grill_1460046210.62.tif.220x165_q85_box-420,0,3588,2376_crop_detail.jpg','2016-04-07 16:24:02',76),(205,'63c77af23a93fcbac67418e6938048ca','project/chopped_fountain_1460046341.05.jpg.300x300_q85_detail_upscale.jpg','2016-04-07 16:25:41',77),(206,'63c77af23a93fcbac67418e6938048ca','project/sandstone_waterfall_1460047086.37.jpg.300x300_q85_detail_upscale.jpg','2016-04-07 16:38:09',78),(207,'63c77af23a93fcbac67418e6938048ca','project/wall_waterfall_1460047163.32.JPG.300x300_q85_detail_upscale.jpg','2016-04-07 16:39:25',79),(208,'63c77af23a93fcbac67418e6938048ca','project/bridge_1460047215.25.tif.300x300_q85_detail_upscale.jpg','2016-04-07 16:40:18',80),(209,'63c77af23a93fcbac67418e6938048ca','project/ok_waterfall_1460047321.18.JPG.300x300_q85_detail_upscale.jpg','2016-04-07 16:42:03',81),(210,'63c77af23a93fcbac67418e6938048ca','project/water_walkway_1460047384.69.jpg.300x300_q85_detail_upscale.jpg','2016-04-07 16:43:09',82),(211,'63c77af23a93fcbac67418e6938048ca','projecttype/exterior_stone_1460045304.25.jpg.300x300_q85_detail_upscale.jpg','2016-04-07 16:44:50',67),(212,'63c77af23a93fcbac67418e6938048ca','project/stone_turrets_1460047625.15.JPG.300x300_q85_detail_upscale.jpg','2016-04-07 16:47:06',83),(213,'63c77af23a93fcbac67418e6938048ca','project/limestone_house_1460047686.26.jpg.300x300_q85_detail_upscale.jpg','2016-04-07 16:48:07',84),(214,'63c77af23a93fcbac67418e6938048ca','project/oklahoma_house_1460047735.73.JPG.300x300_q85_detail_upscale.jpg','2016-04-07 16:48:58',85),(215,'63c77af23a93fcbac67418e6938048ca','project/office_1460047777.18.jpg.300x300_q85_detail_upscale.jpg','2016-04-07 16:49:39',86),(216,'63c77af23a93fcbac67418e6938048ca','project/arch_1460047818.42.jpg.300x300_q85_detail_upscale.jpg','2016-04-07 16:50:21',87),(217,'63c77af23a93fcbac67418e6938048ca','project/ok_entry_1460047869.55.jpg.300x300_q85_detail_upscale.jpg','2016-04-07 16:51:11',88),(218,'63c77af23a93fcbac67418e6938048ca','project/chocolate_arch_1460047938.74.jpg.300x300_q85_detail_upscale.jpg','2016-04-07 16:52:21',89),(219,'63c77af23a93fcbac67418e6938048ca','project/retaining_wall_1460047999.55.jpg.300x300_q85_detail_upscale.jpg','2016-04-07 16:53:22',90),(220,'63c77af23a93fcbac67418e6938048ca','locationpicture/rock_1_1460037770.14.JPG.800x600_q85_box-0,0,3264,2448_crop_detail.jpg','2016-04-07 16:54:26',14),(221,'63c77af23a93fcbac67418e6938048ca','locationpicture/rock_1_1460037770.14.JPG.220x165_q85_box-0,0,3264,2448_crop_detail.jpg','2016-04-07 16:54:26',14),(222,'63c77af23a93fcbac67418e6938048ca','locationpicture/rock_1_1460037801.94.JPG.800x600_q85_box-0,0,3264,2448_crop_detail.jpg','2016-04-07 16:54:27',15),(223,'63c77af23a93fcbac67418e6938048ca','locationpicture/rock_1_1460037801.94.JPG.220x165_q85_box-0,0,3264,2448_crop_detail.jpg','2016-04-07 16:54:27',15),(224,'63c77af23a93fcbac67418e6938048ca','locationpicture/rock_1_1460037835.45.JPG.800x600_q85_box-0,0,3264,2448_crop_detail.jpg','2016-04-07 16:54:28',91),(225,'63c77af23a93fcbac67418e6938048ca','locationpicture/rock_1_1460037835.45.JPG.220x165_q85_box-0,0,3264,2448_crop_detail.jpg','2016-04-07 16:54:28',91),(226,'63c77af23a93fcbac67418e6938048ca','locationpicture/rock_2_1460048121.3.JPG.300x300_q85_detail_upscale.jpg','2016-04-07 16:55:24',92),(227,'63c77af23a93fcbac67418e6938048ca','locationpicture/rock_2_1460048141.64.JPG.300x300_q85_detail_upscale.jpg','2016-04-07 16:55:44',93),(228,'63c77af23a93fcbac67418e6938048ca','locationpicture/rock_2_1460048169.08.JPG.300x300_q85_detail_upscale.jpg','2016-04-07 16:56:11',94),(229,'63c77af23a93fcbac67418e6938048ca','locationpicture/rock_2_1460048189.06.JPG.300x300_q85_detail_upscale.jpg','2016-04-07 16:56:32',95),(230,'63c77af23a93fcbac67418e6938048ca','locationpicture/rock_3_1460048242.15.JPG.300x300_q85_detail_upscale.jpg','2016-04-07 16:57:24',96),(231,'63c77af23a93fcbac67418e6938048ca','locationpicture/rock_3_1460048260.24.JPG.300x300_q85_detail_upscale.jpg','2016-04-07 16:57:42',97),(232,'63c77af23a93fcbac67418e6938048ca','locationpicture/rock_3_1460048278.13.JPG.300x300_q85_detail_upscale.jpg','2016-04-07 16:58:01',98),(233,'63c77af23a93fcbac67418e6938048ca','locationpicture/rock_4_1460048320.41.JPG.300x300_q85_detail_upscale.jpg','2016-04-07 16:58:42',99),(234,'63c77af23a93fcbac67418e6938048ca','locationpicture/rock_4_1460048337.17.JPG.300x300_q85_detail_upscale.jpg','2016-04-07 16:58:59',100),(235,'63c77af23a93fcbac67418e6938048ca','locationpicture/rock_2_1460048121.3.JPG.800x600_q85_box-0,0,3264,2448_crop_detail.jpg','2016-04-07 16:59:18',92),(236,'63c77af23a93fcbac67418e6938048ca','locationpicture/rock_2_1460048121.3.JPG.220x165_q85_box-0,0,3264,2448_crop_detail.jpg','2016-04-07 16:59:19',92),(237,'63c77af23a93fcbac67418e6938048ca','locationpicture/rock_2_1460048141.64.JPG.800x600_q85_box-0,0,3264,2448_crop_detail.jpg','2016-04-07 16:59:19',93),(238,'63c77af23a93fcbac67418e6938048ca','locationpicture/rock_2_1460048141.64.JPG.220x165_q85_box-0,0,3264,2448_crop_detail.jpg','2016-04-07 16:59:20',93),(239,'63c77af23a93fcbac67418e6938048ca','locationpicture/rock_2_1460048169.08.JPG.800x600_q85_box-0,0,3264,2448_crop_detail.jpg','2016-04-07 16:59:20',94),(240,'63c77af23a93fcbac67418e6938048ca','locationpicture/rock_2_1460048169.08.JPG.220x165_q85_box-0,0,3264,2448_crop_detail.jpg','2016-04-07 16:59:21',94),(241,'63c77af23a93fcbac67418e6938048ca','locationpicture/rock_2_1460048189.06.JPG.800x600_q85_box-0,0,3264,2448_crop_detail.jpg','2016-04-07 16:59:21',95),(242,'63c77af23a93fcbac67418e6938048ca','locationpicture/rock_2_1460048189.06.JPG.220x165_q85_box-0,0,3264,2448_crop_detail.jpg','2016-04-07 16:59:22',95),(243,'63c77af23a93fcbac67418e6938048ca','locationpicture/rock_2_1460048213.09.JPG.800x600_q85_box-0,0,3264,2448_crop_detail.jpg','2016-04-07 16:59:22',101),(244,'63c77af23a93fcbac67418e6938048ca','locationpicture/rock_2_1460048213.09.JPG.220x165_q85_box-0,0,3264,2448_crop_detail.jpg','2016-04-07 16:59:23',101),(245,'63c77af23a93fcbac67418e6938048ca','locationpicture/rock_3_1460048242.15.JPG.800x600_q85_box-0,0,3264,2448_crop_detail.jpg','2016-04-07 17:55:07',96),(246,'63c77af23a93fcbac67418e6938048ca','locationpicture/rock_3_1460048242.15.JPG.220x165_q85_box-0,0,3264,2448_crop_detail.jpg','2016-04-07 17:55:08',96),(247,'63c77af23a93fcbac67418e6938048ca','locationpicture/rock_3_1460048260.24.JPG.800x600_q85_box-0,0,3264,2448_crop_detail.jpg','2016-04-07 17:55:08',97),(248,'63c77af23a93fcbac67418e6938048ca','locationpicture/rock_3_1460048260.24.JPG.220x165_q85_box-0,0,3264,2448_crop_detail.jpg','2016-04-07 17:55:10',97),(249,'63c77af23a93fcbac67418e6938048ca','locationpicture/rock_3_1460048278.13.JPG.800x600_q85_box-0,0,3264,2448_crop_detail.jpg','2016-04-07 17:55:10',98),(250,'63c77af23a93fcbac67418e6938048ca','locationpicture/rock_3_1460048278.13.JPG.220x165_q85_box-0,0,3264,2448_crop_detail.jpg','2016-04-07 17:55:11',98),(251,'63c77af23a93fcbac67418e6938048ca','locationpicture/rock_3_1460048296.06.JPG.800x600_q85_box-0,0,3264,2448_crop_detail.jpg','2016-04-07 17:55:11',102),(252,'63c77af23a93fcbac67418e6938048ca','locationpicture/rock_3_1460048296.06.JPG.220x165_q85_box-0,0,3264,2448_crop_detail.jpg','2016-04-07 17:55:12',102),(253,'63c77af23a93fcbac67418e6938048ca','projecttype/exterior_stone_1460045304.25.jpg.220x165_q85_box-133,0,670,402_crop_detail.jpg','2016-04-07 19:55:53',67),(254,'63c77af23a93fcbac67418e6938048ca','product/black_bassalt_1460041295.11.jpg.800x600_q85_box-0,0,400,300_crop_detail.jpg','2016-04-07 21:03:28',53),(255,'63c77af23a93fcbac67418e6938048ca','product/black_bassalt_1460041295.11.jpg.220x165_q85_box-0,0,400,300_crop_detail.jpg','2016-04-07 21:03:28',53),(256,'63c77af23a93fcbac67418e6938048ca','product/hill_country_1460041603.1.jpg.800x600_q85_box-0,0,400,300_crop_detail.jpg','2016-04-07 21:03:29',52),(257,'63c77af23a93fcbac67418e6938048ca','product/hill_country_1460041603.1.jpg.220x165_q85_box-0,0,400,300_crop_detail.jpg','2016-04-07 21:03:29',52),(258,'63c77af23a93fcbac67418e6938048ca','product/washed_rock_1460042023.41.jpg.800x600_q85_box-0,0,400,300_crop_detail.jpg','2016-04-07 21:03:29',51),(259,'63c77af23a93fcbac67418e6938048ca','product/washed_rock_1460042023.41.jpg.220x165_q85_box-0,0,400,300_crop_detail.jpg','2016-04-07 21:03:29',51),(260,'63c77af23a93fcbac67418e6938048ca','product/pea_gravel_1460042455.22.jpg.800x600_q85_box-0,0,400,300_crop_detail.jpg','2016-04-07 21:03:29',49),(261,'63c77af23a93fcbac67418e6938048ca','product/pea_gravel_1460042455.22.jpg.220x165_q85_box-0,0,400,300_crop_detail.jpg','2016-04-07 21:03:29',49),(262,'63c77af23a93fcbac67418e6938048ca','product/fairland_pink_1460042563.72.jpg.800x600_q85_box-0,0,400,300_crop_detail.jpg','2016-04-07 21:03:30',48),(263,'63c77af23a93fcbac67418e6938048ca','product/fairland_pink_1460042563.72.jpg.220x165_q85_box-0,0,400,300_crop_detail.jpg','2016-04-07 21:03:30',48),(264,'63c77af23a93fcbac67418e6938048ca','product/az_river_rock_1460042755.1.jpg.800x600_q85_box-0,0,400,300_crop_detail.jpg','2016-04-07 21:03:30',47),(265,'63c77af23a93fcbac67418e6938048ca','product/az_river_rock_1460042755.1.jpg.220x165_q85_box-0,0,400,300_crop_detail.jpg','2016-04-07 21:03:30',47),(266,'63c77af23a93fcbac67418e6938048ca','product/mex_beach_pebbles_1460042879.48.jpg.800x600_q85_box-0,0,400,300_crop_detail.jpg','2016-04-07 21:03:30',46),(267,'63c77af23a93fcbac67418e6938048ca','product/mex_beach_pebbles_1460042879.48.jpg.220x165_q85_box-0,0,400,300_crop_detail.jpg','2016-04-07 21:03:30',46),(268,'63c77af23a93fcbac67418e6938048ca','product/cafe_1460044486.83.JPG.300x300_q85_detail_upscale.jpg','2016-04-13 15:06:16',62),(269,'63c77af23a93fcbac67418e6938048ca','locationpicture/rock_1_1460037835.45.JPG.300x300_q85_detail_upscale.jpg','2016-04-13 15:16:12',91),(270,'63c77af23a93fcbac67418e6938048ca','locationpicture/rock_2_1460048213.09.JPG.300x300_q85_detail_upscale.jpg','2016-04-13 15:16:27',101),(271,'63c77af23a93fcbac67418e6938048ca','locationpicture/rock_3_1460048296.06.JPG.300x300_q85_detail_upscale.jpg','2016-04-13 15:16:45',102),(272,'63c77af23a93fcbac67418e6938048ca','locationpicture/rock_4_1460048356.2.JPG.300x300_q85_detail_upscale.jpg','2016-04-13 15:17:02',103),(273,'63c77af23a93fcbac67418e6938048ca','product/cafe_1460044486.83.JPG.800x600_q85_box-0,0,778,584_crop_detail.jpg','2016-04-13 15:31:30',62),(274,'63c77af23a93fcbac67418e6938048ca','product/cafe_1460044486.83.JPG.220x165_q85_box-0,0,778,584_crop_detail.jpg','2016-04-13 15:31:30',62),(275,'63c77af23a93fcbac67418e6938048ca','product/classic_oak_1460044537.05.jpg.800x600_q85_box-0,0,640,480_crop_detail.jpg','2016-04-13 15:31:30',61),(276,'63c77af23a93fcbac67418e6938048ca','product/classic_oak_1460044537.05.jpg.220x165_q85_box-0,0,640,480_crop_detail.jpg','2016-04-13 15:31:30',61),(277,'63c77af23a93fcbac67418e6938048ca','product/ok_sunset_1460044585.77.jpg.800x600_q85_box-0,0,640,480_crop_detail.jpg','2016-04-13 15:31:31',60),(278,'63c77af23a93fcbac67418e6938048ca','product/ok_sunset_1460044585.77.jpg.220x165_q85_box-0,0,640,480_crop_detail.jpg','2016-04-13 15:31:31',60),(279,'63c77af23a93fcbac67418e6938048ca','product/ok_sandstone_1460044447.68.jpg.220x165_q85_box-0,0,3456,2592_crop_detail.jpg','2017-02-24 18:11:44',63),(280,'63c77af23a93fcbac67418e6938048ca','category/water_features_1487961064.22.jpg.300x300_q85_detail_upscale.jpg','2017-02-24 18:31:05',104),(281,'63c77af23a93fcbac67418e6938048ca','product/manhatta_1487961064.48.jpg.300x300_q85_detail_upscale.jpg','2017-02-24 18:31:06',105),(282,'63c77af23a93fcbac67418e6938048ca','category/water_features_1487961064.22.jpg.220x165_q85_box-0,46,4545,3455_crop_detail.jpg','2017-02-24 18:31:18',104),(283,'63c77af23a93fcbac67418e6938048ca','product/manhatta_1487961064.48.jpg.220x165_q85_box-0,222,1536,1373_crop_detail.jpg','2017-02-24 18:31:22',105),(284,'63c77af23a93fcbac67418e6938048ca','product/medici_ellipse_1487961170.35.jpg.300x300_q85_detail_upscale.jpg','2017-02-24 18:32:52',106),(285,'63c77af23a93fcbac67418e6938048ca','product/ying_yang_pot_1487961262.55.jpg.300x300_q85_detail_upscale.jpg','2017-02-24 18:34:24',107),(286,'63c77af23a93fcbac67418e6938048ca','category/water_features_1487961064.22.jpg.220x165_q85_box-0,45,4545,3456_crop_detail.jpg','2017-02-24 18:34:39',104),(287,'63c77af23a93fcbac67418e6938048ca','product/manhatta_1487961064.48.jpg.220x165_q85_box-0,133,1536,1285_crop_detail.jpg','2017-02-24 18:34:39',105),(288,'63c77af23a93fcbac67418e6938048ca','product/medici_ellipse_1487961170.35.jpg.220x165_q85_box-0,45,4545,3456_crop_detail.jpg','2017-02-24 18:34:40',106),(289,'63c77af23a93fcbac67418e6938048ca','product/ying_yang_pot_1487961262.55.jpg.220x165_q85_box-0,378,2910,2561_crop_detail.jpg','2017-02-24 18:34:40',107),(290,'63c77af23a93fcbac67418e6938048ca','product/recife_1487961348.03.jpg.300x300_q85_detail_upscale.jpg','2017-02-24 18:35:49',108),(291,'63c77af23a93fcbac67418e6938048ca','product/recife_1487961348.03.jpg.220x165_q85_box-100,0,1700,1200_crop_detail.jpg','2017-02-24 18:35:53',108),(292,'63c77af23a93fcbac67418e6938048ca','product/palazzo_1487961435.48.jpg.300x300_q85_detail_upscale.jpg','2017-02-24 18:37:16',109),(293,'63c77af23a93fcbac67418e6938048ca','product/triad_1487961495.85.jpg.300x300_q85_detail_upscale.jpg','2017-02-24 18:38:17',110),(294,'63c77af23a93fcbac67418e6938048ca','product/recife_1487961348.03.jpg.220x165_q85_box-102,0,1702,1200_crop_detail.jpg','2017-02-24 18:38:28',108),(295,'63c77af23a93fcbac67418e6938048ca','product/palazzo_1487961435.48.jpg.220x165_q85_box-0,186,960,905_crop_detail.jpg','2017-02-24 18:38:28',109),(296,'63c77af23a93fcbac67418e6938048ca','product/triad_1487961495.85.jpg.220x165_q85_box-0,68,960,790_crop_detail.jpg','2017-02-24 18:38:28',110),(297,'63c77af23a93fcbac67418e6938048ca','product/portween_1487961585.88.jpg.300x300_q85_detail_upscale.jpg','2017-02-24 18:39:47',111),(298,'63c77af23a93fcbac67418e6938048ca','product/portween_1487961585.88.jpg.220x165_q85_box-0,300,908,980_crop_detail.jpg','2017-02-24 18:41:09',111),(299,'63c77af23a93fcbac67418e6938048ca','product/condotti_obelisk_1487961733.13.jpg.300x300_q85_detail_upscale.jpg','2017-02-24 18:42:14',112),(300,'63c77af23a93fcbac67418e6938048ca','product/medici_ellipse_1487961768.23.jpg.300x300_q85_detail_upscale.jpg','2017-02-24 18:42:50',113),(301,'63c77af23a93fcbac67418e6938048ca','product/portween_1487961585.88.jpg.220x165_q85_box-0,299,908,980_crop_detail.jpg','2017-02-24 18:43:03',111),(302,'63c77af23a93fcbac67418e6938048ca','product/condotti_obelisk_1487961733.13.jpg.220x165_q85_box-0,131,960,850_crop_detail.jpg','2017-02-24 18:43:03',112),(303,'63c77af23a93fcbac67418e6938048ca','product/medici_ellipse_1487961768.23.jpg.220x165_q85_box-0,258,960,977_crop_detail.jpg','2017-02-24 18:43:03',113),(304,'63c77af23a93fcbac67418e6938048ca','product/andra_1487961835.34.jpg.300x300_q85_detail_upscale.jpg','2017-02-24 18:43:56',114),(305,'63c77af23a93fcbac67418e6938048ca','product/medici_ellipse_1487961768.23.jpg.220x165_q85_box-0,222,960,942_crop_detail.jpg','2017-02-24 18:45:22',113),(306,'63c77af23a93fcbac67418e6938048ca','product/andra_1487961835.34.jpg.220x165_q85_box-0,204,960,924_crop_detail.jpg','2017-02-24 18:45:22',114),(307,'63c77af23a93fcbac67418e6938048ca','product/adirondack_1487961929.5.jpg.300x300_q85_detail_upscale.jpg','2017-02-24 18:45:34',115),(308,'63c77af23a93fcbac67418e6938048ca','product/andra_1487961835.34.jpg.220x165_q85_box-0,188,960,907_crop_detail.jpg','2017-02-24 18:46:18',114),(309,'63c77af23a93fcbac67418e6938048ca','product/adirondack_1487961929.5.jpg.220x165_q85_box-0,1034,3744,3842_crop_detail.jpg','2017-02-24 18:46:19',115),(310,'63c77af23a93fcbac67418e6938048ca','product/paradise_1487962058.77.jpg.300x300_q85_detail_upscale.jpg','2017-02-24 18:47:41',116),(311,'63c77af23a93fcbac67418e6938048ca','product/williamsburg_chiswell_1487962091.79.jpg.300x300_q85_detail_upscale.jpg','2017-02-24 18:48:14',117),(312,'63c77af23a93fcbac67418e6938048ca','product/longwood_arabesque_1487962143.2.jpg.300x300_q85_detail_upscale.jpg','2017-02-24 18:49:08',118),(313,'63c77af23a93fcbac67418e6938048ca','product/adirondack_1487961929.5.jpg.220x165_q85_box-0,1040,3744,3844_crop_detail.jpg','2017-02-24 18:49:17',115),(314,'63c77af23a93fcbac67418e6938048ca','product/paradise_1487962058.77.jpg.220x165_q85_box-0,354,4434,3675_crop_detail.jpg','2017-02-24 18:49:18',116),(315,'63c77af23a93fcbac67418e6938048ca','product/williamsburg_chiswell_1487962091.79.jpg.220x165_q85_box-0,42,960,762_crop_detail.jpg','2017-02-24 18:49:18',117),(316,'63c77af23a93fcbac67418e6938048ca','product/longwood_arabesque_1487962143.2.jpg.220x165_q85_box-0,167,960,886_crop_detail.jpg','2017-02-24 18:49:18',118),(317,'63c77af23a93fcbac67418e6938048ca','category/water_features_1487961064.22.jpg.430x360_q85_box-0,45,4545,3456_crop_detail.jpg','2017-02-24 19:08:56',104),(318,'63c77af23a93fcbac67418e6938048ca','product/acorn_1487963642.95.jpg.300x300_q85_detail_upscale.jpg','2017-02-24 19:14:06',119),(319,'63c77af23a93fcbac67418e6938048ca','product/condotti_obelisk_1487961733.13.jpg.220x165_q85_box-0,131,960,847_crop_detail.jpg','2017-02-24 19:15:46',112),(320,'63c77af23a93fcbac67418e6938048ca','product/andra_1487961835.34.jpg.220x165_q85_box-0,188,960,904_crop_detail.jpg','2017-02-24 19:15:46',114),(321,'63c77af23a93fcbac67418e6938048ca','product/longwood_arabesque_1487962143.2.jpg.220x165_q85_box-0,168,960,890_crop_detail.jpg','2017-02-24 19:15:46',118),(322,'63c77af23a93fcbac67418e6938048ca','product/acorn_1487963642.95.jpg.220x165_q85_box-0,159,1367,1186_crop_detail.jpg','2017-02-24 19:15:46',119),(323,'63c77af23a93fcbac67418e6938048ca','product/rittenhouse_1487964837.25.jpg.300x300_q85_detail_upscale.jpg','2017-02-24 19:33:59',120),(324,'63c77af23a93fcbac67418e6938048ca','product/rittenhouse_1487964837.25.jpg.220x165_q85_box-0,350,2631,2320_crop_detail.jpg','2017-02-24 19:34:16',120),(325,'63c77af23a93fcbac67418e6938048ca','product/buffed_peach_1460042130.24.JPG.220x165_q85_box-0,0,400,300_crop_detail.jpg','2017-02-24 19:41:50',50),(326,'63c77af23a93fcbac67418e6938048ca','product/okie_ledge_1460044361.56.jpg.220x165_q85_box-0,0,640,480_crop_detail.jpg','2017-02-24 19:44:38',64),(327,'63c77af23a93fcbac67418e6938048ca','product/tumbled_mix_1460044642.36.jpg.220x165_q85_box-0,0,400,300_crop_detail.jpg','2017-02-24 19:44:38',59),(328,'63c77af23a93fcbac67418e6938048ca','locationpicture/rock_4_1460048320.41.JPG.800x600_q85_box-0,0,3264,2448_crop_detail.jpg','2017-02-24 19:45:53',99),(329,'63c77af23a93fcbac67418e6938048ca','locationpicture/rock_4_1460048320.41.JPG.220x165_q85_box-0,0,3264,2448_crop_detail.jpg','2017-02-24 19:45:53',99),(330,'63c77af23a93fcbac67418e6938048ca','locationpicture/rock_4_1460048337.17.JPG.800x600_q85_box-0,0,3264,2448_crop_detail.jpg','2017-02-24 19:45:54',100),(331,'63c77af23a93fcbac67418e6938048ca','locationpicture/rock_4_1460048337.17.JPG.220x165_q85_box-0,0,3264,2448_crop_detail.jpg','2017-02-24 19:45:54',100),(332,'63c77af23a93fcbac67418e6938048ca','locationpicture/rock_4_1460048356.2.JPG.800x600_q85_box-0,0,3264,2448_crop_detail.jpg','2017-02-24 19:45:55',103),(333,'63c77af23a93fcbac67418e6938048ca','locationpicture/rock_4_1460048356.2.JPG.220x165_q85_box-0,0,3264,2448_crop_detail.jpg','2017-02-24 19:45:55',103),(334,'63c77af23a93fcbac67418e6938048ca','product/buff_peach_1460040355.02.jpg.300x300_q85_detail_upscale.jpg','2017-02-24 19:53:24',24),(335,'63c77af23a93fcbac67418e6938048ca','product/choc_gold_1460041929.61.jpg.300x300_q85_detail_upscale.jpg','2017-02-24 19:53:25',43),(336,'63c77af23a93fcbac67418e6938048ca','product/santa_clara_1460042391.8.jpg.300x300_q85_detail_upscale.jpg','2017-02-24 19:53:25',44),(337,'63c77af23a93fcbac67418e6938048ca','product/leuders_choc_slabs_1460042659.46.jpg.300x300_q85_detail_upscale.jpg','2017-02-24 19:53:25',45),(338,'63c77af23a93fcbac67418e6938048ca','product/creme_sawn_1460043853.61.JPG.300x300_q85_detail_upscale.jpg','2017-02-24 19:53:25',54),(339,'63c77af23a93fcbac67418e6938048ca','product/az_sunset_1460043988.27.JPG.300x300_q85_detail_upscale.jpg','2017-02-24 19:53:25',55),(340,'63c77af23a93fcbac67418e6938048ca','product/khaki_1460044074.75.JPG.300x300_q85_detail_upscale.jpg','2017-02-24 19:53:25',56),(341,'63c77af23a93fcbac67418e6938048ca','product/black_mexican_1460044164.12.jpg.300x300_q85_detail_upscale.jpg','2017-02-24 19:53:26',57),(342,'63c77af23a93fcbac67418e6938048ca','product/lueders_fossil_slabs_1460044266.15.jpg.300x300_q85_detail_upscale.jpg','2017-02-24 19:53:26',58),(343,'63c77af23a93fcbac67418e6938048ca','product/classic_oak_1460044537.05.jpg.300x300_q85_detail_upscale.jpg','2017-02-24 19:53:26',61),(344,'63c77af23a93fcbac67418e6938048ca','product/ok_sunset_1460044585.77.jpg.300x300_q85_detail_upscale.jpg','2017-02-24 19:53:26',60),(345,'63c77af23a93fcbac67418e6938048ca','category/patio_1487966506.57.jpg.300x300_q85_detail_upscale.jpg','2017-02-24 20:01:47',121),(346,'63c77af23a93fcbac67418e6938048ca','category/patio_1487966506.57.jpg.220x165_q85_box-0,0,400,300_crop_detail.jpg','2017-02-24 20:01:52',121),(347,'63c77af23a93fcbac67418e6938048ca','category/patio_1487966506.57.jpg.220x165_q85_box-507,530,3122,2491_crop_detail.jpg','2017-02-24 20:02:09',121),(348,'63c77af23a93fcbac67418e6938048ca','project/stone_turrets_1460047625.15.JPG.800x600_q85_box-196,0,3268,2304_crop_detail.jpg','2017-02-24 20:45:41',83),(349,'63c77af23a93fcbac67418e6938048ca','project/stone_turrets_1460047625.15.JPG.220x165_q85_box-196,0,3268,2304_crop_detail.jpg','2017-02-24 20:45:41',83),(350,'63c77af23a93fcbac67418e6938048ca','project/limestone_house_1460047686.26.jpg.800x600_q85_box-0,0,2048,1536_crop_detail.jpg','2017-02-24 20:45:41',84),(351,'63c77af23a93fcbac67418e6938048ca','project/limestone_house_1460047686.26.jpg.220x165_q85_box-0,0,2048,1536_crop_detail.jpg','2017-02-24 20:45:42',84),(352,'63c77af23a93fcbac67418e6938048ca','project/oklahoma_house_1460047735.73.JPG.800x600_q85_box-196,0,3268,2304_crop_detail.jpg','2017-02-24 20:45:42',85),(353,'63c77af23a93fcbac67418e6938048ca','project/oklahoma_house_1460047735.73.JPG.220x165_q85_box-196,0,3268,2304_crop_detail.jpg','2017-02-24 20:45:43',85),(354,'63c77af23a93fcbac67418e6938048ca','project/office_1460047777.18.jpg.800x600_q85_box-0,0,3456,2592_crop_detail.jpg','2017-02-24 20:45:43',86),(355,'63c77af23a93fcbac67418e6938048ca','project/office_1460047777.18.jpg.220x165_q85_box-0,0,3456,2592_crop_detail.jpg','2017-02-24 20:45:44',86),(356,'63c77af23a93fcbac67418e6938048ca','project/arch_1460047818.42.jpg.800x600_q85_box-0,0,640,480_crop_detail.jpg','2017-02-24 20:45:44',87),(357,'63c77af23a93fcbac67418e6938048ca','project/arch_1460047818.42.jpg.220x165_q85_box-0,0,640,480_crop_detail.jpg','2017-02-24 20:45:44',87),(358,'63c77af23a93fcbac67418e6938048ca','project/ok_entry_1460047869.55.jpg.800x600_q85_box-0,0,640,480_crop_detail.jpg','2017-02-24 20:45:45',88),(359,'63c77af23a93fcbac67418e6938048ca','project/ok_entry_1460047869.55.jpg.220x165_q85_box-0,0,640,480_crop_detail.jpg','2017-02-24 20:45:45',88),(360,'63c77af23a93fcbac67418e6938048ca','project/chocolate_arch_1460047938.74.jpg.800x600_q85_box-0,0,3456,2592_crop_detail.jpg','2017-02-24 20:45:45',89),(361,'63c77af23a93fcbac67418e6938048ca','project/chocolate_arch_1460047938.74.jpg.220x165_q85_box-0,0,3456,2592_crop_detail.jpg','2017-02-24 20:45:46',89),(362,'63c77af23a93fcbac67418e6938048ca','project/retaining_wall_1460047999.55.jpg.800x600_q85_box-0,0,3456,2592_crop_detail.jpg','2017-02-24 20:45:46',90),(363,'63c77af23a93fcbac67418e6938048ca','project/retaining_wall_1460047999.55.jpg.220x165_q85_box-0,0,3456,2592_crop_detail.jpg','2017-02-24 20:45:47',90),(364,'63c77af23a93fcbac67418e6938048ca','project/chopped_fountain_1460046341.05.jpg.800x600_q85_box-27,0,454,320_crop_detail.jpg','2017-02-25 04:51:24',77),(365,'63c77af23a93fcbac67418e6938048ca','project/chopped_fountain_1460046341.05.jpg.220x165_q85_box-27,0,454,320_crop_detail.jpg','2017-02-25 04:51:24',77),(366,'63c77af23a93fcbac67418e6938048ca','contentpage/landscaping_1460036334.46.tif.300x300_q85_detail_upscale.jpg','2017-02-27 15:05:18',4),(367,'63c77af23a93fcbac67418e6938048ca','contentpage/landscaping_1460036334.46.tif.400x300_q85_box-119,0,1986,1400_crop_detail.jpg','2017-02-27 15:06:08',4),(368,'63c77af23a93fcbac67418e6938048ca','product/no_image.jpeg.400x300_q85_box-0,28,225,197_crop_detail.jpg','2017-02-27 15:07:58',13),(369,'63c77af23a93fcbac67418e6938048ca','contentpage/landscaping_1460036334.46.tif.220x165_q85_box-119,0,1986,1400_crop_detail.jpg','2017-02-27 15:21:47',4),(370,'63c77af23a93fcbac67418e6938048ca','contentpage/landscaping_1488209165.31.jpg.300x300_q85_detail_upscale.jpg','2017-02-27 15:26:05',122),(371,'63c77af23a93fcbac67418e6938048ca','contentpage/landscaping_1488209165.31.jpg.400x300_q85_box-119,0,1986,1400_crop_detail.jpg','2017-02-27 15:26:09',122),(372,'63c77af23a93fcbac67418e6938048ca','contentpage/landscaping_1488209165.31.jpg.400x300_q85_box-0,0,225,169_crop_detail.jpg','2017-02-27 15:26:23',122),(373,'63c77af23a93fcbac67418e6938048ca','contentpage/eldorado_products_1488209361.5.jpg.300x300_q85_detail_upscale.jpg','2017-02-27 15:29:22',123),(374,'63c77af23a93fcbac67418e6938048ca','contentpage/eldorado_products_1488209361.5.jpg.400x300_q85_box-179,14,694,401_crop_detail.jpg','2017-02-27 15:29:35',123),(375,'63c77af23a93fcbac67418e6938048ca','contentpage/landscaping_1488209531.35.jpg.300x300_q85_detail_upscale.jpg','2017-02-27 15:32:12',124),(376,'63c77af23a93fcbac67418e6938048ca','contentpage/landscaping_1488209531.35.jpg.400x300_q85_box-0,0,3456,2592_crop_detail.jpg','2017-02-27 15:32:26',124),(377,'63c77af23a93fcbac67418e6938048ca','contentpage/landscaping_1488209531.35.jpg.220x165_q85_box-0,0,3456,2592_crop_detail.jpg','2017-02-27 15:32:51',124),(378,'63c77af23a93fcbac67418e6938048ca','category/patio_1487966506.57.jpg.430x360_q85_box-507,530,3122,2491_crop_detail.jpg','2017-02-27 15:58:54',121),(379,'63c77af23a93fcbac67418e6938048ca','category/aggregates_1460038602.68.jpg.300x300_q85_detail_upscale.jpg','2017-02-27 15:59:00',16),(380,'63c77af23a93fcbac67418e6938048ca','product/decomposed_granite_1460040405.7.jpg.300x300_q85_detail_upscale.jpg','2017-02-27 15:59:00',23),(381,'63c77af23a93fcbac67418e6938048ca','product/black_bassalt_1460041295.11.jpg.300x300_q85_detail_upscale.jpg','2017-02-27 15:59:01',53),(382,'63c77af23a93fcbac67418e6938048ca','product/hill_country_1460041603.1.jpg.300x300_q85_detail_upscale.jpg','2017-02-27 15:59:01',52),(383,'63c77af23a93fcbac67418e6938048ca','product/washed_rock_1460042023.41.jpg.300x300_q85_detail_upscale.jpg','2017-02-27 15:59:01',51),(384,'63c77af23a93fcbac67418e6938048ca','product/pea_gravel_1460042455.22.jpg.300x300_q85_detail_upscale.jpg','2017-02-27 15:59:01',49),(385,'63c77af23a93fcbac67418e6938048ca','product/fairland_pink_1460042563.72.jpg.300x300_q85_detail_upscale.jpg','2017-02-27 15:59:02',48),(386,'63c77af23a93fcbac67418e6938048ca','product/az_river_rock_1460042755.1.jpg.300x300_q85_detail_upscale.jpg','2017-02-27 15:59:02',47),(387,'63c77af23a93fcbac67418e6938048ca','category/chopped_/_drystack_1460039708.2.jpg.300x300_q85_detail_upscale.jpg','2017-02-27 16:00:09',22),(388,'63c77af23a93fcbac67418e6938048ca','product/white_limestone_1460040650.23.jpg.300x300_q85_detail_upscale.jpg','2017-02-27 16:00:09',26),(389,'63c77af23a93fcbac67418e6938048ca','product/tumbled_choc_gold_1460041035.88.jpg.300x300_q85_detail_upscale.jpg','2017-02-27 16:00:10',30),(390,'63c77af23a93fcbac67418e6938048ca','product/lueders_blend_1460041376.67.jpg.300x300_q85_detail_upscale.jpg','2017-02-27 16:00:10',37),(391,'63c77af23a93fcbac67418e6938048ca','product/sandstone_mix_1460041533.89.jpg.300x300_q85_detail_upscale.jpg','2017-02-27 16:00:10',38),(392,'63c77af23a93fcbac67418e6938048ca','product/choc_gold_blue_1460041834.69.jpg.300x300_q85_detail_upscale.jpg','2017-02-27 16:00:11',39),(393,'63c77af23a93fcbac67418e6938048ca','product/lueders_roughback_1460042361.93.jpg.300x300_q85_detail_upscale.jpg','2017-02-27 16:00:11',40),(394,'63c77af23a93fcbac67418e6938048ca','product/ok_mix_1460042520.81.JPG.300x300_q85_detail_upscale.jpg','2017-02-27 16:00:11',41),(395,'63c77af23a93fcbac67418e6938048ca','product/choc_gold_1460042702.05.jpg.300x300_q85_detail_upscale.jpg','2017-02-27 16:00:11',42),(396,'63c77af23a93fcbac67418e6938048ca','product/okie_ledge_1460044361.56.jpg.300x300_q85_detail_upscale.jpg','2017-02-27 16:00:12',64),(397,'63c77af23a93fcbac67418e6938048ca','product/tumbled_mix_1460044642.36.jpg.300x300_q85_detail_upscale.jpg','2017-02-27 16:00:12',59),(398,'63c77af23a93fcbac67418e6938048ca','category/boulders_1460039472.8.jpg.300x300_q85_detail_upscale.jpg','2017-02-27 16:01:29',20),(399,'63c77af23a93fcbac67418e6938048ca','product/tx_moss_rock_1460040829.4.jpg.300x300_q85_detail_upscale.jpg','2017-02-27 16:01:29',28),(400,'63c77af23a93fcbac67418e6938048ca','product/limestone_1460041410.8.jpg.300x300_q85_detail_upscale.jpg','2017-02-27 16:01:29',31),(401,'63c77af23a93fcbac67418e6938048ca','product/granite_1460041682.78.jpg.300x300_q85_detail_upscale.jpg','2017-02-27 16:01:29',32),(402,'63c77af23a93fcbac67418e6938048ca','product/penn._lilac_1460042184.03.jpg.300x300_q85_detail_upscale.jpg','2017-02-27 16:01:30',33),(403,'63c77af23a93fcbac67418e6938048ca','product/ok_sandstone_1460044447.68.jpg.300x300_q85_detail_upscale.jpg','2017-02-27 16:01:30',63),(404,'63c77af23a93fcbac67418e6938048ca','category/boulders_1460039472.8.jpg.430x360_q85_box-45,0,756,533_crop_detail.jpg','2017-02-27 16:01:47',20),(405,'63c77af23a93fcbac67418e6938048ca','category/thin_veneer_1460039594.73.jpg.300x300_q85_detail_upscale.jpg','2017-02-27 16:01:58',21),(406,'63c77af23a93fcbac67418e6938048ca','product/fossil_blend_1460040557.69.JPG.300x300_q85_detail_upscale.jpg','2017-02-27 16:01:58',25),(407,'63c77af23a93fcbac67418e6938048ca','product/buffed_peach_1460042130.24.JPG.300x300_q85_detail_upscale.jpg','2017-02-27 16:01:59',50),(408,'63c77af23a93fcbac67418e6938048ca','category/masonry_tools_1460039043.99.jpg.300x300_q85_detail_upscale.jpg','2017-02-27 16:02:54',18),(409,'63c77af23a93fcbac67418e6938048ca','category/boulders_1460039472.8.jpg.220x165_q85_box-45,0,756,533_crop_detail.jpg','2017-02-27 16:03:19',20),(410,'63c77af23a93fcbac67418e6938048ca','product/tumbled_1460040740.82.jpg.300x300_q85_detail_upscale.jpg','2017-02-27 16:10:13',27),(411,'63c77af23a93fcbac67418e6938048ca','product/cambridge_1460041475.14.jpg.300x300_q85_detail_upscale.jpg','2017-02-27 16:10:13',35),(412,'63c77af23a93fcbac67418e6938048ca','product/old_world_1460041748.25.jpg.300x300_q85_detail_upscale.jpg','2017-02-27 16:10:13',36),(413,'63c77af23a93fcbac67418e6938048ca','category/pavers_1460038787.97.jpg.430x360_q85_box-31,11,372,267_crop_detail.jpg','2017-02-27 16:10:24',17),(414,'63c77af23a93fcbac67418e6938048ca','category/pavers_1460038787.97.jpg.220x165_q85_box-31,11,372,267_crop_detail.jpg','2017-02-27 16:10:28',17),(415,'63c77af23a93fcbac67418e6938048ca','contentpage/eldorado_products_1488209361.5.jpg.220x165_q85_box-179,14,694,401_crop_detail.jpg','2017-02-27 17:03:43',123),(416,'63c77af23a93fcbac67418e6938048ca','product/tumbled_choc_gold_1460041035.88.jpg.220x165_q85_box-23,0,378,266_crop_detail.jpg','2017-02-27 17:08:38',30),(417,'63c77af23a93fcbac67418e6938048ca','product/ok_mix_1460042520.81.JPG.220x165_q85_box-23,0,378,267_crop_detail.jpg','2017-02-27 17:08:38',41),(418,'63c77af23a93fcbac67418e6938048ca','project/sandstone_waterfall_1460047086.37.jpg.800x600_q85_box-0,700,7000,5950_crop_detail.jpg','2017-02-27 20:29:53',78),(419,'63c77af23a93fcbac67418e6938048ca','project/sandstone_waterfall_1460047086.37.jpg.220x165_q85_box-0,700,7000,5950_crop_detail.jpg','2017-02-27 20:29:56',78),(420,'63c77af23a93fcbac67418e6938048ca','project/wall_waterfall_1460047163.32.JPG.800x600_q85_box-170,0,2831,2000_crop_detail.jpg','2017-02-27 20:29:56',79),(421,'63c77af23a93fcbac67418e6938048ca','project/wall_waterfall_1460047163.32.JPG.220x165_q85_box-170,0,2831,2000_crop_detail.jpg','2017-02-27 20:29:57',79),(422,'63c77af23a93fcbac67418e6938048ca','project/bridge_1460047215.25.tif.800x600_q85_box-119,0,1986,1400_crop_detail.jpg','2017-02-27 20:29:57',80),(423,'63c77af23a93fcbac67418e6938048ca','project/bridge_1460047215.25.tif.220x165_q85_box-119,0,1986,1400_crop_detail.jpg','2017-02-27 20:29:57',80),(424,'63c77af23a93fcbac67418e6938048ca','project/ok_waterfall_1460047321.18.JPG.800x600_q85_box-0,0,2048,1536_crop_detail.jpg','2017-02-27 20:29:58',81),(425,'63c77af23a93fcbac67418e6938048ca','project/ok_waterfall_1460047321.18.JPG.220x165_q85_box-0,0,2048,1536_crop_detail.jpg','2017-02-27 20:29:58',81),(426,'63c77af23a93fcbac67418e6938048ca','project/water_walkway_1460047384.69.jpg.800x600_q85_box-0,615,7700,6385_crop_detail.jpg','2017-02-27 20:30:00',82),(427,'63c77af23a93fcbac67418e6938048ca','project/water_walkway_1460047384.69.jpg.220x165_q85_box-0,615,7700,6385_crop_detail.jpg','2017-02-27 20:30:01',82),(428,'63c77af23a93fcbac67418e6938048ca','project/helix_1460047458.23.jpg.800x600_q85_box-9,0,241,174_crop_detail.jpg','2017-02-27 20:30:01',125),(429,'63c77af23a93fcbac67418e6938048ca','project/helix_1460047458.23.jpg.220x165_q85_box-9,0,241,174_crop_detail.jpg','2017-02-27 20:30:01',125),(430,'63c77af23a93fcbac67418e6938048ca','category/eldorado_1488230975.31.jpg.300x300_q85_detail_upscale.jpg','2017-02-27 21:29:36',126),(431,'63c77af23a93fcbac67418e6938048ca','category/eldorado_1488230975.31.jpg.430x360_q85_box-69,14,723,504_crop_detail.jpg','2017-02-27 21:29:51',126),(432,'63c77af23a93fcbac67418e6938048ca','category/eldorado_1488230975.31.jpg.220x165_q85_box-69,14,723,504_crop_detail.jpg','2017-02-27 21:29:55',126),(433,'63c77af23a93fcbac67418e6938048ca','projecttype/exterior_stone_1460045304.25.jpg.430x360_q85_box-133,0,670,402_crop_detail.jpg','2017-02-27 21:36:34',67),(434,'63c77af23a93fcbac67418e6938048ca','project/limestone_coping_1460045906.87.jpg.300x300_q85_detail_upscale.jpg','2017-02-27 21:36:58',73),(435,'63c77af23a93fcbac67418e6938048ca','project/helix_1460047458.23.jpg.300x300_q85_detail_upscale.jpg','2017-02-27 23:15:28',125),(436,'63c77af23a93fcbac67418e6938048ca','category/soils__sands_1488238584.34.jpg.300x300_q85_detail_upscale.jpg','2017-02-27 23:36:25',127),(437,'63c77af23a93fcbac67418e6938048ca','category/soils__sands_1488238584.34.jpg.430x360_q85_box-0,26,2546,1936_crop_detail.jpg','2017-02-27 23:36:32',127),(438,'63c77af23a93fcbac67418e6938048ca','category/soils__sands_1488238584.34.jpg.220x165_q85_box-0,26,2546,1936_crop_detail.jpg','2017-02-27 23:36:35',127),(439,'63c77af23a93fcbac67418e6938048ca','category/fire__water_bowls_1488238692.22.jpg.300x300_q85_detail_upscale.jpg','2017-02-27 23:38:12',128),(440,'63c77af23a93fcbac67418e6938048ca','category/fire__water_bowls_1488238692.22.jpg.430x360_q85_box-0,210,1000,960_crop_detail.jpg','2017-02-27 23:38:24',128),(441,'63c77af23a93fcbac67418e6938048ca','category/fire__water_bowls_1488238692.22.jpg.220x165_q85_box-0,210,1000,960_crop_detail.jpg','2017-02-27 23:38:28',128),(442,'63c77af23a93fcbac67418e6938048ca','locationpicture/rock_4_1460048356.2.JPG.430x360_q85_box-0,0,3264,2448_crop_detail.jpg','2017-02-27 23:53:56',103),(443,'63c77af23a93fcbac67418e6938048ca','locationpicture/rock_4_1460048337.17.JPG.430x360_q85_box-0,0,3264,2448_crop_detail.jpg','2017-02-27 23:53:56',100),(444,'63c77af23a93fcbac67418e6938048ca','locationpicture/rock_4_1460048320.41.JPG.430x360_q85_box-0,0,3264,2448_crop_detail.jpg','2017-02-27 23:53:56',99),(445,'63c77af23a93fcbac67418e6938048ca','locationpicture/rock_3_1460048296.06.JPG.430x360_q85_box-0,0,3264,2448_crop_detail.jpg','2017-02-27 23:53:57',102),(446,'63c77af23a93fcbac67418e6938048ca','locationpicture/rock_3_1460048278.13.JPG.430x360_q85_box-0,0,3264,2448_crop_detail.jpg','2017-02-27 23:53:57',98),(447,'63c77af23a93fcbac67418e6938048ca','locationpicture/rock_3_1460048260.24.JPG.430x360_q85_box-0,0,3264,2448_crop_detail.jpg','2017-02-27 23:53:58',97),(448,'63c77af23a93fcbac67418e6938048ca','locationpicture/rock_3_1460048242.15.JPG.430x360_q85_box-0,0,3264,2448_crop_detail.jpg','2017-02-27 23:53:58',96),(449,'63c77af23a93fcbac67418e6938048ca','locationpicture/rock_2_1460048213.09.JPG.430x360_q85_box-0,0,3264,2448_crop_detail.jpg','2017-02-27 23:53:59',101),(450,'63c77af23a93fcbac67418e6938048ca','locationpicture/rock_2_1460048189.06.JPG.430x360_q85_box-0,0,3264,2448_crop_detail.jpg','2017-02-27 23:53:59',95),(451,'63c77af23a93fcbac67418e6938048ca','locationpicture/rock_2_1460048169.08.JPG.430x360_q85_box-0,0,3264,2448_crop_detail.jpg','2017-02-27 23:54:00',94),(452,'63c77af23a93fcbac67418e6938048ca','locationpicture/rock_2_1460048141.64.JPG.430x360_q85_box-0,0,3264,2448_crop_detail.jpg','2017-02-27 23:54:00',93),(453,'63c77af23a93fcbac67418e6938048ca','locationpicture/rock_2_1460048121.3.JPG.430x360_q85_box-0,0,3264,2448_crop_detail.jpg','2017-02-27 23:54:01',92),(454,'63c77af23a93fcbac67418e6938048ca','locationpicture/rock_1_1460037835.45.JPG.430x360_q85_box-0,0,3264,2448_crop_detail.jpg','2017-02-27 23:54:01',91),(455,'63c77af23a93fcbac67418e6938048ca','locationpicture/rock_1_1460037801.94.JPG.430x360_q85_box-0,0,3264,2448_crop_detail.jpg','2017-02-27 23:54:02',15),(456,'63c77af23a93fcbac67418e6938048ca','locationpicture/rock_1_1460037770.14.JPG.430x360_q85_box-0,0,3264,2448_crop_detail.jpg','2017-02-27 23:54:02',14),(457,'63c77af23a93fcbac67418e6938048ca','project/oklahoma_1488291309.16.jpg.300x300_q85_detail_upscale.jpg','2017-02-28 14:15:15',129),(458,'63c77af23a93fcbac67418e6938048ca','project/oklahoma_1488291309.16.jpg.800x600_q85_box-0,0,3456,2592_crop_detail.jpg','2017-02-28 14:15:41',129),(459,'63c77af23a93fcbac67418e6938048ca','project/oklahoma_1488291309.16.jpg.220x165_q85_box-0,0,3456,2592_crop_detail.jpg','2017-02-28 14:15:42',129),(460,'63c77af23a93fcbac67418e6938048ca','project/oklahoma_1488291624.5.JPG.300x300_q85_detail_upscale.jpg','2017-02-28 14:20:25',130),(461,'63c77af23a93fcbac67418e6938048ca','project/stone_turrets_1460047625.15.JPG.800x600_q85_box-334,0,3406,2304_crop_detail.jpg','2017-02-28 14:21:05',83),(462,'63c77af23a93fcbac67418e6938048ca','project/stone_turrets_1460047625.15.JPG.220x165_q85_box-334,0,3406,2304_crop_detail.jpg','2017-02-28 14:21:05',83),(463,'63c77af23a93fcbac67418e6938048ca','project/oklahoma_1488291624.5.JPG.800x600_q85_box-389,0,3026,1974_crop_detail.jpg','2017-02-28 14:21:05',130),(464,'63c77af23a93fcbac67418e6938048ca','project/oklahoma_1488291624.5.JPG.220x165_q85_box-389,0,3026,1974_crop_detail.jpg','2017-02-28 14:21:06',130),(465,'63c77af23a93fcbac67418e6938048ca','project/limestone_1488291735.5.JPG.300x300_q85_detail_upscale.jpg','2017-02-28 14:22:18',131),(466,'63c77af23a93fcbac67418e6938048ca','project/limestone_1488291735.5.JPG.800x600_q85_box-0,0,3456,2592_crop_detail.jpg','2017-02-28 14:23:39',131),(467,'63c77af23a93fcbac67418e6938048ca','project/limestone_1488291735.5.JPG.220x165_q85_box-0,0,3456,2592_crop_detail.jpg','2017-02-28 14:23:39',131),(468,'63c77af23a93fcbac67418e6938048ca','project/facade_1488291923.03.jpg.300x300_q85_detail_upscale.jpg','2017-02-28 14:25:24',132),(469,'63c77af23a93fcbac67418e6938048ca','project/stone_turrets_1488292028.81.JPG.300x300_q85_detail_upscale.jpg','2017-02-28 14:27:10',133),(470,'63c77af23a93fcbac67418e6938048ca','project/stone_turrets_1488292028.81.JPG.800x600_q85_box-334,0,3406,2304_crop_detail.jpg','2017-02-28 14:27:18',133),(471,'63c77af23a93fcbac67418e6938048ca','project/stone_turrets_1488292028.81.JPG.220x165_q85_box-334,0,3406,2304_crop_detail.jpg','2017-02-28 14:27:19',133),(472,'63c77af23a93fcbac67418e6938048ca','project/facade_1488291923.03.jpg.800x600_q85_box-0,0,640,480_crop_detail.jpg','2017-02-28 14:27:19',132),(473,'63c77af23a93fcbac67418e6938048ca','project/facade_1488291923.03.jpg.220x165_q85_box-0,0,640,480_crop_detail.jpg','2017-02-28 14:27:19',132),(474,'63c77af23a93fcbac67418e6938048ca','project/limestone_1488291735.5.JPG.800x600_q85_box-0,0,2816,2112_crop_detail.jpg','2017-02-28 14:27:19',131),(475,'63c77af23a93fcbac67418e6938048ca','project/limestone_1488291735.5.JPG.220x165_q85_box-0,0,2816,2112_crop_detail.jpg','2017-02-28 14:27:20',131),(476,'63c77af23a93fcbac67418e6938048ca','project/limestone_1488292112.54.jpg.300x300_q85_detail_upscale.jpg','2017-02-28 14:28:33',134),(477,'63c77af23a93fcbac67418e6938048ca','project/limestone_1488292112.54.jpg.800x600_q85_box-0,0,2048,1536_crop_detail.jpg','2017-02-28 14:28:38',134),(478,'63c77af23a93fcbac67418e6938048ca','project/limestone_1488292112.54.jpg.220x165_q85_box-0,0,2048,1536_crop_detail.jpg','2017-02-28 14:28:38',134),(479,'63c77af23a93fcbac67418e6938048ca','project/ledge_1488292341.1.jpg.300x300_q85_detail_upscale.jpg','2017-02-28 14:32:22',135),(480,'63c77af23a93fcbac67418e6938048ca','project/ledge_1488292341.1.jpg.800x600_q85_box-0,0,640,480_crop_detail.jpg','2017-02-28 14:32:28',135),(481,'63c77af23a93fcbac67418e6938048ca','project/ledge_1488292341.1.jpg.220x165_q85_box-0,0,640,480_crop_detail.jpg','2017-02-28 14:32:28',135),(482,'63c77af23a93fcbac67418e6938048ca','project/ledge_1488292341.1.jpg.800x600_q85_box-0,0,3456,2592_crop_detail.jpg','2017-02-28 14:33:32',135),(483,'63c77af23a93fcbac67418e6938048ca','project/ledge_1488292341.1.jpg.220x165_q85_box-0,0,3456,2592_crop_detail.jpg','2017-02-28 14:33:32',135),(484,'63c77af23a93fcbac67418e6938048ca','project/oklahoma_1488292737.7.jpg.300x300_q85_detail_upscale.jpg','2017-02-28 14:38:59',136),(485,'63c77af23a93fcbac67418e6938048ca','project/oklahoma_1488292737.7.jpg.800x600_q85_box-0,0,3456,2592_crop_detail.jpg','2017-02-28 14:39:18',136),(486,'63c77af23a93fcbac67418e6938048ca','project/oklahoma_1488292737.7.jpg.220x165_q85_box-0,0,3456,2592_crop_detail.jpg','2017-02-28 14:39:19',136),(487,'63c77af23a93fcbac67418e6938048ca','project/oklahoma_1488291624.5.JPG.800x600_q85_box-522,0,3159,1974_crop_detail.jpg','2017-02-28 14:42:58',130),(488,'63c77af23a93fcbac67418e6938048ca','project/oklahoma_1488291624.5.JPG.220x165_q85_box-522,0,3159,1974_crop_detail.jpg','2017-02-28 14:42:58',130),(489,'63c77af23a93fcbac67418e6938048ca','projecttype/water_features_1488294751.36.jpg.300x300_q85_detail_upscale.jpg','2017-02-28 15:12:32',137),(490,'63c77af23a93fcbac67418e6938048ca','projecttype/water_features_1488294751.36.jpg.430x360_q85_box-264,0,4488,3168_crop_detail.jpg','2017-02-28 15:12:41',137),(491,'63c77af23a93fcbac67418e6938048ca','projecttype/water_features_1488294751.36.jpg.220x165_q85_box-264,0,4488,3168_crop_detail.jpg','2017-02-28 15:12:58',137),(492,'63c77af23a93fcbac67418e6938048ca','projecttype/water_features_1488294751.36.jpg.220x165_q85_box-269,0,4493,3168_crop_detail.jpg','2017-02-28 15:13:25',137),(493,'63c77af23a93fcbac67418e6938048ca','projecttype/water_features_1488294751.36.jpg.430x360_q85_box-269,0,4493,3168_crop_detail.jpg','2017-02-28 15:20:36',137),(494,'63c77af23a93fcbac67418e6938048ca','projecttype/patio_1488295439.78.jpg.300x300_q85_detail_upscale.jpg','2017-02-28 15:24:00',138),(495,'63c77af23a93fcbac67418e6938048ca','projecttype/patio_1488295439.78.jpg.220x165_q85_box-0,0,640,480_crop_detail.jpg','2017-02-28 15:24:07',138),(496,'63c77af23a93fcbac67418e6938048ca','projecttype/patio_1488295439.78.jpg.430x360_q85_box-0,0,640,480_crop_detail.jpg','2017-02-28 15:24:13',138),(497,'63c77af23a93fcbac67418e6938048ca','projecttype/water_features_1488295571.34.jpg.300x300_q85_detail_upscale.jpg','2017-02-28 15:26:12',139),(498,'63c77af23a93fcbac67418e6938048ca','projecttype/water_features_1488295571.34.jpg.220x165_q85_box-0,0,3456,2592_crop_detail.jpg','2017-02-28 15:26:20',139),(499,'63c77af23a93fcbac67418e6938048ca','projecttype/water_features_1488295571.34.jpg.430x360_q85_box-0,0,3456,2592_crop_detail.jpg','2017-02-28 15:32:55',139),(500,'63c77af23a93fcbac67418e6938048ca','category/building_stones_1488296298.84.jpg.300x300_q85_detail_upscale.jpg','2017-02-28 15:38:19',140),(501,'63c77af23a93fcbac67418e6938048ca','category/building_stones_1488296298.84.jpg.220x165_q85_box-31,20,3062,2294_crop_detail.jpg','2017-02-28 15:38:35',140),(502,'63c77af23a93fcbac67418e6938048ca','product/tumbled_1488297247.02.jpg.300x300_q85_detail_upscale.jpg','2017-02-28 15:54:08',141),(503,'63c77af23a93fcbac67418e6938048ca','product/tumbled_1488297247.02.jpg.220x165_q85_box-0,0,3456,2592_crop_detail.jpg','2017-02-28 15:54:33',141),(504,'63c77af23a93fcbac67418e6938048ca','category/building_stones_1488296298.84.jpg.430x360_q85_box-31,20,3062,2294_crop_detail.jpg','2017-02-28 15:54:54',140),(505,'63c77af23a93fcbac67418e6938048ca','product/limestone_chop_1488297871.93.jpg.300x300_q85_detail_upscale.jpg','2017-02-28 16:04:33',142),(506,'63c77af23a93fcbac67418e6938048ca','product/limestone_chop_1488297871.93.jpg.220x165_q85_box-23,0,3456,2575_crop_detail.jpg','2017-02-28 16:05:35',142),(507,'63c77af23a93fcbac67418e6938048ca','product/texas_mix_1488298396.36.jpg.300x300_q85_detail_upscale.jpg','2017-02-28 16:13:17',143),(508,'63c77af23a93fcbac67418e6938048ca','product/texas_mix_1488298396.36.jpg.220x165_q85_box-0,0,640,480_crop_detail.jpg','2017-02-28 16:13:40',143),(509,'63c77af23a93fcbac67418e6938048ca','product/cave_rock_1488298487.67.jpg.300x300_q85_detail_upscale.jpg','2017-02-28 16:14:49',144),(510,'63c77af23a93fcbac67418e6938048ca','product/cave_rock_1488298487.67.jpg.220x165_q85_box-0,0,640,480_crop_detail.jpg','2017-02-28 16:14:56',144),(511,'63c77af23a93fcbac67418e6938048ca','product/yellow_chop_1488298608.7.jpg.300x300_q85_detail_upscale.jpg','2017-02-28 16:16:50',145),(512,'63c77af23a93fcbac67418e6938048ca','product/yellow_chop_1488298608.7.jpg.220x165_q85_box-0,0,640,480_crop_detail.jpg','2017-02-28 16:16:57',145),(513,'63c77af23a93fcbac67418e6938048ca','product/creme_chop_1488298700.37.jpg.300x300_q85_detail_upscale.jpg','2017-02-28 16:18:21',146),(514,'63c77af23a93fcbac67418e6938048ca','product/creme_chop_1488298700.37.jpg.220x165_q85_box-0,0,640,480_crop_detail.jpg','2017-02-28 16:18:30',146),(515,'63c77af23a93fcbac67418e6938048ca','product/tumbled_blue_1488298796.98.jpg.300x300_q85_detail_upscale.jpg','2017-02-28 16:19:58',147),(516,'63c77af23a93fcbac67418e6938048ca','product/tumbled_blue_1488298796.98.jpg.220x165_q85_box-0,0,640,480_crop_detail.jpg','2017-02-28 16:20:04',147),(517,'63c77af23a93fcbac67418e6938048ca','product/okie_ledge_1488298977.01.jpg.300x300_q85_detail_upscale.jpg','2017-02-28 16:22:58',148),(518,'63c77af23a93fcbac67418e6938048ca','product/okie_ledge_1488298977.01.jpg.220x165_q85_box-0,0,3456,2592_crop_detail.jpg','2017-02-28 16:23:16',148),(519,'63c77af23a93fcbac67418e6938048ca','product/buff_peach_1488299175.94.jpg.300x300_q85_detail_upscale.jpg','2017-02-28 16:26:19',149),(520,'63c77af23a93fcbac67418e6938048ca','product/buff_peach_1488299175.94.jpg.220x165_q85_box-0,0,640,480_crop_detail.jpg','2017-02-28 16:26:26',149),(521,'63c77af23a93fcbac67418e6938048ca','product/bone_chop_1488299283.47.jpg.300x300_q85_detail_upscale.jpg','2017-02-28 16:28:06',150),(522,'63c77af23a93fcbac67418e6938048ca','product/bone_chop_1488299283.47.jpg.220x165_q85_box-0,0,640,480_crop_detail.jpg','2017-02-28 16:28:16',150),(523,'63c77af23a93fcbac67418e6938048ca','product/driftwood_1488299429.05.jpg.300x300_q85_detail_upscale.jpg','2017-02-28 16:30:45',151),(524,'63c77af23a93fcbac67418e6938048ca','product/driftwood_1488299429.05.jpg.220x165_q85_box-0,0,3456,2592_crop_detail.jpg','2017-02-28 16:30:57',151),(525,'63c77af23a93fcbac67418e6938048ca','product/santa_fe_sunset_1488300641.72.JPG.300x300_q85_detail_upscale.jpg','2017-02-28 16:50:43',152),(526,'63c77af23a93fcbac67418e6938048ca','product/santa_fe_sunset_1488300641.72.JPG.220x165_q85_box-0,0,640,480_crop_detail.jpg','2017-02-28 16:50:54',152),(527,'63c77af23a93fcbac67418e6938048ca','gallery/_MG_0858p8x12.tif.300x300_q85_detail_upscale.jpg','2017-02-28 16:57:40',7),(528,'63c77af23a93fcbac67418e6938048ca','gallery/_MG_0433p5x7.tif.300x300_q85_detail_upscale.jpg','2017-02-28 16:58:06',9),(529,'63c77af23a93fcbac67418e6938048ca','gallery/PP103.tif.300x300_q85_detail_upscale.jpg','2017-02-28 16:58:17',10),(530,'63c77af23a93fcbac67418e6938048ca','gallery/PP101.tif.300x300_q85_detail_upscale.jpg','2017-02-28 16:59:04',12),(531,'63c77af23a93fcbac67418e6938048ca','gallery/1224_Travis_Bluff_67.jpg.300x300_q85_detail_upscale.jpg','2017-02-28 17:00:36',153),(532,'63c77af23a93fcbac67418e6938048ca','gallery/1224_Travis_Bluff_67.jpg.430x360_q85_box-40,0,520,481_crop_detail.jpg','2017-02-28 17:00:53',153),(533,'63c77af23a93fcbac67418e6938048ca','gallery/1224_Travis_Bluff_67.jpg.1440x675_q85_box-0,5,800,381_crop_detail.jpg','2017-02-28 17:01:24',153),(534,'63c77af23a93fcbac67418e6938048ca','gallery/1224_Travis_Bluff_67.jpg.40x40_q85_box-40,0,520,481_crop_detail.jpg','2017-02-28 17:01:24',153),(535,'63c77af23a93fcbac67418e6938048ca','gallery/BedRock-131.JPG.300x300_q85_detail_upscale.jpg','2017-02-28 17:02:55',154),(536,'63c77af23a93fcbac67418e6938048ca','gallery/BedRock-131.JPG.1440x675_q85_box-0,86,4288,2098_crop_detail.jpg','2017-02-28 17:03:10',154),(537,'63c77af23a93fcbac67418e6938048ca','gallery/BedRock-131.JPG.40x40_q85_box-715,0,3559,2848_crop_detail.jpg','2017-02-28 17:03:11',154),(538,'63c77af23a93fcbac67418e6938048ca','gallery/BedRock-131.JPG.430x360_q85_box-715,0,3559,2848_crop_detail.jpg','2017-02-28 17:06:25',154),(539,'63c77af23a93fcbac67418e6938048ca','gallery/IMG_1436.JPG.300x300_q85_detail_upscale.jpg','2017-02-28 17:13:00',155),(540,'63c77af23a93fcbac67418e6938048ca','gallery/IMG_1436.JPG.430x360_q85_box-864,0,3456,2592_crop_detail.jpg','2017-02-28 17:13:36',155),(541,'63c77af23a93fcbac67418e6938048ca','gallery/78219_PagodaFountainStones_Environment.jpg.300x300_q85_detail_upscale.jpg','2017-02-28 17:14:07',156),(542,'63c77af23a93fcbac67418e6938048ca','gallery/78219_PagodaFountainStones_Environment.jpg.430x360_q85_box-792,0,3960,3168_crop_detail.jpg','2017-02-28 17:14:22',156),(543,'63c77af23a93fcbac67418e6938048ca','gallery/ESR100_2.jpg.300x300_q85_detail_upscale.jpg','2017-02-28 17:14:39',157),(544,'63c77af23a93fcbac67418e6938048ca','gallery/ESR100_2.jpg.430x360_q85_box-237,0,640,402_crop_detail.jpg','2017-02-28 17:14:58',157),(545,'63c77af23a93fcbac67418e6938048ca','gallery/6503.jpg.430x360_q85_box-34,0,993,960_crop_detail.jpg','2017-02-28 17:15:26',158),(546,'63c77af23a93fcbac67418e6938048ca','gallery/6503.jpg.300x300_q85_detail_upscale.jpg','2017-02-28 17:15:31',158),(547,'63c77af23a93fcbac67418e6938048ca','gallery/vista-wallpaper-stone-pattern.jpg.300x300_q85_detail_upscale.jpg','2017-02-28 17:16:24',159),(548,'63c77af23a93fcbac67418e6938048ca','gallery/vista-wallpaper-stone-pattern.jpg.430x360_q85_box-203,0,1403,1200_crop_detail.jpg','2017-02-28 17:16:37',159),(549,'63c77af23a93fcbac67418e6938048ca','gallery/1224_Travis_Bluff_67.jpg.1440x675_q85_box-0,104,800,480_crop_detail.jpg','2017-02-28 17:17:04',153),(550,'63c77af23a93fcbac67418e6938048ca','gallery/IMG_1436.JPG.1440x675_q85_box-0,956,3456,2576_crop_detail.jpg','2017-02-28 17:17:05',155),(551,'63c77af23a93fcbac67418e6938048ca','gallery/78219_PagodaFountainStones_Environment.jpg.1440x675_q85_box-0,269,4752,2497_crop_detail.jpg','2017-02-28 17:17:05',156),(552,'63c77af23a93fcbac67418e6938048ca','gallery/ESR100_2.jpg.1440x675_q85_box-0,19,800,393_crop_detail.jpg','2017-02-28 17:17:06',157),(553,'63c77af23a93fcbac67418e6938048ca','gallery/6503.jpg.1440x675_q85_box-0,202,1027,684_crop_detail.jpg','2017-02-28 17:17:06',158),(554,'63c77af23a93fcbac67418e6938048ca','gallery/vista-wallpaper-stone-pattern.jpg.1440x675_q85_box-0,128,1600,878_crop_detail.jpg','2017-02-28 17:17:06',159),(555,'63c77af23a93fcbac67418e6938048ca','gallery/IMG_1436.JPG.40x40_q85_box-864,0,3456,2592_crop_detail.jpg','2017-02-28 17:17:07',155),(556,'63c77af23a93fcbac67418e6938048ca','gallery/78219_PagodaFountainStones_Environment.jpg.40x40_q85_box-792,0,3960,3168_crop_detail.jpg','2017-02-28 17:17:08',156),(557,'63c77af23a93fcbac67418e6938048ca','gallery/ESR100_2.jpg.40x40_q85_box-237,0,640,402_crop_detail.jpg','2017-02-28 17:17:08',157),(558,'63c77af23a93fcbac67418e6938048ca','gallery/6503.jpg.40x40_q85_box-34,0,993,960_crop_detail.jpg','2017-02-28 17:17:08',158),(559,'63c77af23a93fcbac67418e6938048ca','gallery/DSCF1317.JPG.300x300_q85_detail_upscale.jpg','2017-02-28 17:17:08',160),(560,'63c77af23a93fcbac67418e6938048ca','gallery/vista-wallpaper-stone-pattern.jpg.40x40_q85_box-203,0,1403,1200_crop_detail.jpg','2017-02-28 17:17:08',159),(561,'63c77af23a93fcbac67418e6938048ca','gallery/DSCF1317.JPG.430x360_q85_box-764,0,1819,1054_crop_detail.jpg','2017-02-28 17:17:15',160),(562,'63c77af23a93fcbac67418e6938048ca','gallery/DSCF1317.JPG.1440x675_q85_box-0,54,2029,1004_crop_detail.jpg','2017-02-28 17:17:20',160),(563,'63c77af23a93fcbac67418e6938048ca','gallery/DSCF1317.JPG.40x40_q85_box-764,0,1819,1054_crop_detail.jpg','2017-02-28 17:17:20',160),(564,'63c77af23a93fcbac67418e6938048ca','gallery/78219_PagodaFountainStones_Environment.jpg.1440x675_q85_box-459,222,4752,2234_crop_detail.jpg','2017-02-28 17:20:25',156),(565,'63c77af23a93fcbac67418e6938048ca','gallery/1224_Travis_Bluff_47.jpg.300x300_q85_detail_upscale.jpg','2017-02-28 17:21:23',161),(566,'63c77af23a93fcbac67418e6938048ca','gallery/1224_Travis_Bluff_47.jpg.1440x675_q85_box-0,157,800,532_crop_detail.jpg','2017-02-28 17:22:32',161),(567,'63c77af23a93fcbac67418e6938048ca','gallery/1224_Travis_Bluff_47.jpg.40x40_q85_box-155,93,595,533_crop_detail.jpg','2017-02-28 17:22:33',161),(568,'63c77af23a93fcbac67418e6938048ca','product/lueders_buff_1488303030.93.jpg.300x300_q85_detail_upscale.jpg','2017-02-28 17:30:31',162),(569,'63c77af23a93fcbac67418e6938048ca','product/lueders_buff_1488303030.93.jpg.220x165_q85_box-0,66,480,426_crop_detail.jpg','2017-02-28 17:31:05',162),(570,'63c77af23a93fcbac67418e6938048ca','product/copper_mountain_1488303106.58.jpg.300x300_q85_detail_upscale.jpg','2017-02-28 17:31:48',163),(571,'63c77af23a93fcbac67418e6938048ca','product/copper_mountain_1488303106.58.jpg.220x165_q85_box-0,117,480,477_crop_detail.jpg','2017-02-28 17:32:04',163),(572,'63c77af23a93fcbac67418e6938048ca','product/blue_weathered_1488303162.92.jpg.300x300_q85_detail_upscale.jpg','2017-02-28 17:32:44',164),(573,'63c77af23a93fcbac67418e6938048ca','product/blue_weathered_1488303210.1.jpg.300x300_q85_detail_upscale.jpg','2017-02-28 17:33:32',165),(574,'63c77af23a93fcbac67418e6938048ca','product/blue_weathered_1488303210.1.jpg.220x165_q85_box-73,53,639,478_crop_detail.jpg','2017-02-28 17:33:45',165),(575,'63c77af23a93fcbac67418e6938048ca','product/golden_creme_1488303327.82.JPG.300x300_q85_detail_upscale.jpg','2017-02-28 17:35:29',166),(576,'63c77af23a93fcbac67418e6938048ca','product/ok_chocolate_1488303415.35.JPG.300x300_q85_detail_upscale.jpg','2017-02-28 17:36:57',167),(577,'63c77af23a93fcbac67418e6938048ca','product/blue_weathered_1488303210.1.jpg.220x165_q85_box-73,53,640,479_crop_detail.jpg','2017-02-28 17:37:08',165),(578,'63c77af23a93fcbac67418e6938048ca','product/golden_creme_1488303327.82.JPG.220x165_q85_box-243,0,4035,2848_crop_detail.jpg','2017-02-28 17:37:09',166),(579,'63c77af23a93fcbac67418e6938048ca','product/ok_chocolate_1488303415.35.JPG.220x165_q85_box-245,0,4043,2848_crop_detail.jpg','2017-02-28 17:37:09',167),(580,'63c77af23a93fcbac67418e6938048ca','product/arizona_rose_1488303564.14.jpg.300x300_q85_detail_upscale.jpg','2017-02-28 17:39:26',168),(581,'63c77af23a93fcbac67418e6938048ca','product/ok_chocolate_1488303415.35.JPG.220x165_q85_box-243,0,4035,2848_crop_detail.jpg','2017-02-28 17:39:47',167),(582,'63c77af23a93fcbac67418e6938048ca','product/arizona_rose_1488303564.14.jpg.220x165_q85_box-0,0,3456,2592_crop_detail.jpg','2017-02-28 17:39:47',168),(583,'63c77af23a93fcbac67418e6938048ca','product/ok_chocolate_1488303718.81.jpg.300x300_q85_detail_upscale.jpg','2017-02-28 17:41:59',169),(584,'63c77af23a93fcbac67418e6938048ca','product/ok_chocolate_1488303718.81.jpg.220x165_q85_box-0,0,640,480_crop_detail.jpg','2017-02-28 17:42:18',169),(585,'63c77af23a93fcbac67418e6938048ca','product/lueders_buff_1488303967.8.jpg.300x300_q85_detail_upscale.jpg','2017-02-28 17:46:08',170),(586,'63c77af23a93fcbac67418e6938048ca','product/lueders_buff_1488303967.8.jpg.220x165_q85_box-0,66,480,426_crop_detail.jpg','2017-02-28 17:46:19',170),(587,'63c77af23a93fcbac67418e6938048ca','contentpage/natural_stone_1488388638.3.jpg.300x300_q85_detail_upscale.jpg','2017-03-01 17:17:19',171),(588,'63c77af23a93fcbac67418e6938048ca','contentpage/natural_stone_1488388638.3.jpg.400x300_q85_box-0,0,3456,2592_crop_detail.jpg','2017-03-01 17:17:33',171),(589,'63c77af23a93fcbac67418e6938048ca','category/pavers_1488393054.14.jpg.300x300_q85_detail_upscale.jpg','2017-03-01 18:30:55',172),(590,'63c77af23a93fcbac67418e6938048ca','category/pavers_1488393394.08.jpg.300x300_q85_detail_upscale.jpg','2017-03-01 18:36:35',173),(591,'63c77af23a93fcbac67418e6938048ca','product/belgard_circle_1488393536.88.JPG.300x300_q85_detail_upscale.jpg','2017-03-01 18:38:59',174),(592,'63c77af23a93fcbac67418e6938048ca','product/limestone_1488393589.55.jpg.300x300_q85_detail_upscale.jpg','2017-03-01 18:39:52',175),(593,'63c77af23a93fcbac67418e6938048ca','product/special_design_1488393628.64.jpg.300x300_q85_detail_upscale.jpg','2017-03-01 18:40:31',176),(594,'63c77af23a93fcbac67418e6938048ca','product/special_design_1488393668.1.jpg.300x300_q85_detail_upscale.jpg','2017-03-01 18:41:11',177),(595,'63c77af23a93fcbac67418e6938048ca','category/pavers_1488393394.08.jpg.430x360_q85_box-0,23,3425,2592_crop_detail.jpg','2017-03-01 18:41:55',173),(596,'63c77af23a93fcbac67418e6938048ca','product/oklahoma_1488393713.0.jpg.300x300_q85_detail_upscale.jpg','2017-03-01 18:42:00',178),(597,'63c77af23a93fcbac67418e6938048ca','product/belgard_1488393788.17.jpg.300x300_q85_detail_upscale.jpg','2017-03-01 18:43:10',179),(598,'63c77af23a93fcbac67418e6938048ca','category/pavers_1488393394.08.jpg.220x165_q85_box-0,23,3425,2592_crop_detail.jpg','2017-03-01 18:43:21',173),(599,'63c77af23a93fcbac67418e6938048ca','product/limestone_1488393589.55.jpg.220x165_q85_box-0,0,3456,2592_crop_detail.jpg','2017-03-01 18:43:29',175),(600,'63c77af23a93fcbac67418e6938048ca','product/belgard_circle_1488393536.88.JPG.220x165_q85_box-0,157,2848,2291_crop_detail.jpg','2017-03-01 18:43:29',174),(601,'63c77af23a93fcbac67418e6938048ca','product/special_design_1488393628.64.jpg.220x165_q85_box-0,0,3456,2592_crop_detail.jpg','2017-03-01 18:43:29',176),(602,'63c77af23a93fcbac67418e6938048ca','product/special_design_1488393668.1.jpg.220x165_q85_box-0,0,3456,2592_crop_detail.jpg','2017-03-01 18:43:30',177),(603,'63c77af23a93fcbac67418e6938048ca','product/oklahoma_1488393713.0.jpg.220x165_q85_box-0,0,3456,2592_crop_detail.jpg','2017-03-01 18:43:30',178),(604,'63c77af23a93fcbac67418e6938048ca','product/belgard_1488393788.17.jpg.220x165_q85_box-0,0,3456,2592_crop_detail.jpg','2017-03-01 18:43:31',179),(605,'63c77af23a93fcbac67418e6938048ca','contentpage/natural_stone_1488388638.3.jpg.220x165_q85_box-0,0,3456,2592_crop_detail.jpg','2017-03-01 22:41:39',171),(606,'63c77af23a93fcbac67418e6938048ca','product/hardscape_1488466871.02.jpg.300x300_q85_detail_upscale.jpg','2017-03-02 15:01:12',180),(607,'63c77af23a93fcbac67418e6938048ca','product/texas_moss_1488466897.31.jpg.300x300_q85_detail_upscale.jpg','2017-03-02 15:01:40',181),(608,'63c77af23a93fcbac67418e6938048ca','product/ok_border_1488466942.96.jpg.300x300_q85_detail_upscale.jpg','2017-03-02 15:02:25',182),(609,'63c77af23a93fcbac67418e6938048ca','product/ok_border_1488466944.2.jpg.300x300_q85_detail_upscale.jpg','2017-03-02 15:02:46',183),(610,'63c77af23a93fcbac67418e6938048ca','product/carmel_1488467033.03.JPG.300x300_q85_detail_upscale.jpg','2017-03-02 15:03:56',184),(611,'63c77af23a93fcbac67418e6938048ca','product/beams_1488467125.6.jpg.300x300_q85_detail_upscale.jpg','2017-03-02 15:05:27',185),(612,'63c77af23a93fcbac67418e6938048ca','product/beams_1488467166.94.jpg.300x300_q85_detail_upscale.jpg','2017-03-02 15:06:09',186),(613,'63c77af23a93fcbac67418e6938048ca','product/dino_1488467209.85.jpg.300x300_q85_detail_upscale.jpg','2017-03-02 15:06:53',187),(614,'63c77af23a93fcbac67418e6938048ca','product/caramel_1488467294.74.jpg.300x300_q85_detail_upscale.jpg','2017-03-02 15:08:16',188),(615,'63c77af23a93fcbac67418e6938048ca','product/planter_1488467359.58.jpg.300x300_q85_detail_upscale.jpg','2017-03-02 15:09:21',189),(616,'63c77af23a93fcbac67418e6938048ca','product/texas_moss_1488467445.76.jpg.300x300_q85_detail_upscale.jpg','2017-03-02 15:10:48',190),(617,'63c77af23a93fcbac67418e6938048ca','product/honeycomb_1488467500.69.jpg.300x300_q85_detail_upscale.jpg','2017-03-02 15:11:44',191),(618,'63c77af23a93fcbac67418e6938048ca','product/waterfall_1488467543.46.jpg.300x300_q85_detail_upscale.jpg','2017-03-02 15:12:26',192),(619,'63c77af23a93fcbac67418e6938048ca','product/texas_moss_1488467610.79.JPG.300x300_q85_detail_upscale.jpg','2017-03-02 15:13:33',193),(620,'63c77af23a93fcbac67418e6938048ca','product/hardscape_1488466871.02.jpg.220x165_q85_box-0,0,640,480_crop_detail.jpg','2017-03-02 15:13:51',180),(621,'63c77af23a93fcbac67418e6938048ca','product/texas_moss_1488466897.31.jpg.220x165_q85_box-0,0,640,480_crop_detail.jpg','2017-03-02 15:13:51',181),(622,'63c77af23a93fcbac67418e6938048ca','product/ok_border_1488466942.96.jpg.220x165_q85_box-0,0,640,480_crop_detail.jpg','2017-03-02 15:13:51',182),(623,'63c77af23a93fcbac67418e6938048ca','product/ok_border_1488466944.2.jpg.220x165_q85_box-0,0,640,480_crop_detail.jpg','2017-03-02 15:13:51',183),(624,'63c77af23a93fcbac67418e6938048ca','product/carmel_1488467033.03.JPG.220x165_q85_box-243,0,4035,2848_crop_detail.jpg','2017-03-02 15:13:57',184),(625,'63c77af23a93fcbac67418e6938048ca','product/beams_1488467125.6.jpg.220x165_q85_box-0,0,3456,2592_crop_detail.jpg','2017-03-02 15:13:58',185),(626,'63c77af23a93fcbac67418e6938048ca','product/beams_1488467166.94.jpg.220x165_q85_box-0,0,3456,2592_crop_detail.jpg','2017-03-02 15:13:58',186),(627,'63c77af23a93fcbac67418e6938048ca','product/dino_1488467209.85.jpg.220x165_q85_box-0,760,2592,2704_crop_detail.jpg','2017-03-02 15:13:58',187),(628,'63c77af23a93fcbac67418e6938048ca','product/caramel_1488467294.74.jpg.220x165_q85_box-0,0,640,480_crop_detail.jpg','2017-03-02 15:13:58',188),(629,'63c77af23a93fcbac67418e6938048ca','product/planter_1488467359.58.jpg.220x165_q85_box-0,0,3456,2592_crop_detail.jpg','2017-03-02 15:13:59',189),(630,'63c77af23a93fcbac67418e6938048ca','product/texas_moss_1488467445.76.jpg.220x165_q85_box-0,0,3456,2592_crop_detail.jpg','2017-03-02 15:13:59',190),(631,'63c77af23a93fcbac67418e6938048ca','product/honeycomb_1488467500.69.jpg.220x165_q85_box-0,0,3456,2592_crop_detail.jpg','2017-03-02 15:14:00',191),(632,'63c77af23a93fcbac67418e6938048ca','product/waterfall_1488467543.46.jpg.220x165_q85_box-0,0,640,480_crop_detail.jpg','2017-03-02 15:14:00',192),(633,'63c77af23a93fcbac67418e6938048ca','product/texas_moss_1488467610.79.JPG.220x165_q85_box-0,0,3456,2592_crop_detail.jpg','2017-03-02 15:14:00',193),(634,'63c77af23a93fcbac67418e6938048ca','product/amphora_1488470855.74.jpg.300x300_q85_detail_upscale.jpg','2017-03-02 16:07:40',194),(635,'63c77af23a93fcbac67418e6938048ca','product/amphora_1488470855.74.jpg.220x165_q85_box-0,768,2048,2304_crop_detail.jpg','2017-03-02 16:08:42',194),(636,'63c77af23a93fcbac67418e6938048ca','product/mini_slate_1488470933.1.jpg.300x300_q85_detail_upscale.jpg','2017-03-02 16:08:58',195),(637,'63c77af23a93fcbac67418e6938048ca','product/amphora_1488470855.74.jpg.220x165_q85_box-0,236,2048,1772_crop_detail.jpg','2017-03-02 16:09:28',194),(638,'63c77af23a93fcbac67418e6938048ca','product/mini_slate_1488470933.1.jpg.220x165_q85_box-0,304,2336,2056_crop_detail.jpg','2017-03-02 16:09:29',195),(639,'63c77af23a93fcbac67418e6938048ca','product/mongolian_bassalt_1488471036.01.jpg.300x300_q85_detail_upscale.jpg','2017-03-02 16:10:39',196),(640,'63c77af23a93fcbac67418e6938048ca','product/mongolian_bassalt_1488471134.24.jpg.300x300_q85_detail_upscale.jpg','2017-03-02 16:12:35',197),(641,'63c77af23a93fcbac67418e6938048ca','product/polished_ornament_1488471216.57.jpg.300x300_q85_detail_upscale.jpg','2017-03-02 16:13:44',198),(642,'63c77af23a93fcbac67418e6938048ca','product/mongolian_bassalt_1488471036.01.jpg.220x165_q85_box-0,865,1696,2137_crop_detail.jpg','2017-03-02 16:14:39',196),(643,'63c77af23a93fcbac67418e6938048ca','product/mongolian_bassalt_1488471134.24.jpg.220x165_q85_box-0,63,600,513_crop_detail.jpg','2017-03-02 16:14:39',197),(644,'63c77af23a93fcbac67418e6938048ca','product/polished_ornament_1488471216.57.jpg.220x165_q85_box-171,0,2837,2000_crop_detail.jpg','2017-03-02 16:14:39',198),(645,'63c77af23a93fcbac67418e6938048ca','product/leaning_vase_1488471290.62.jpg.300x300_q85_detail_upscale.jpg','2017-03-02 16:14:55',199),(646,'63c77af23a93fcbac67418e6938048ca','product/small_slate_1488471353.89.jpg.300x300_q85_detail_upscale.jpg','2017-03-02 16:15:58',200),(647,'63c77af23a93fcbac67418e6938048ca','product/polished_ornament_1488471216.57.jpg.220x165_q85_box-0,0,2660,2000_crop_detail.jpg','2017-03-02 16:16:39',198),(648,'63c77af23a93fcbac67418e6938048ca','product/leaning_vase_1488471290.62.jpg.220x165_q85_box-0,635,2048,2171_crop_detail.jpg','2017-03-02 16:16:40',199),(649,'63c77af23a93fcbac67418e6938048ca','product/small_slate_1488471353.89.jpg.220x165_q85_box-0,84,1200,984_crop_detail.jpg','2017-03-02 16:16:40',200),(650,'63c77af23a93fcbac67418e6938048ca','category/landscape_stone_1488552465.57.jpg.300x300_q85_detail_upscale.jpg','2017-03-03 14:47:46',201),(651,'63c77af23a93fcbac67418e6938048ca','category/landscape_stone_1488552465.57.jpg.430x360_q85_box-88,0,799,533_crop_detail.jpg','2017-03-03 14:48:30',201),(652,'63c77af23a93fcbac67418e6938048ca','category/landscape_stone_1488552465.57.jpg.220x165_q85_box-88,0,799,533_crop_detail.jpg','2017-03-03 14:48:33',201),(653,'63c77af23a93fcbac67418e6938048ca','category/landscape_stone_1488561067.74.jpg.300x300_q85_detail_upscale.jpg','2017-03-03 17:11:08',202),(654,'63c77af23a93fcbac67418e6938048ca','category/landscape_stone_1488561067.74.jpg.220x165_q85_box-187,72,800,532_crop_detail.jpg','2017-03-03 17:11:48',202),(655,'63c77af23a93fcbac67418e6938048ca','category/landscape_stone_1488561067.74.jpg.430x360_q85_box-187,72,800,532_crop_detail.jpg','2017-03-03 18:31:35',202),(656,'63c77af23a93fcbac67418e6938048ca','category/building__landscape_supplies_1488810126.8.jpg.300x300_q85_detail_upscale.jpg','2017-03-06 14:22:07',203),(657,'63c77af23a93fcbac67418e6938048ca','category/building__landscape_supplies_1488810126.8.jpg.220x165_q85_box-4,3,281,211_crop_detail.jpg','2017-03-06 14:22:25',203),(658,'63c77af23a93fcbac67418e6938048ca','product/fabric_1488810294.14.jpg.300x300_q85_detail_upscale.png','2017-03-06 14:24:55',204),(659,'63c77af23a93fcbac67418e6938048ca','product/metal_edging_1488810294.32.JPG.300x300_q85_detail_upscale.jpg','2017-03-06 14:24:55',205),(660,'63c77af23a93fcbac67418e6938048ca','product/tools__equipmet_1488810294.44.jpg.300x300_q85_detail_upscale.jpg','2017-03-06 14:24:55',206),(661,'63c77af23a93fcbac67418e6938048ca','product/c.m.u_1488810471.1.jpg.300x300_q85_detail_upscale.jpg','2017-03-06 14:27:52',207),(662,'63c77af23a93fcbac67418e6938048ca','product/keystone_1488810508.47.jpg.300x300_q85_detail_upscale.jpg','2017-03-06 14:28:31',208),(663,'63c77af23a93fcbac67418e6938048ca','product/fabric_1488810294.14.jpg.220x165_q85_box-21,0,344,241_crop_detail.png','2017-03-06 14:29:21',204),(664,'63c77af23a93fcbac67418e6938048ca','product/metal_edging_1488810294.32.JPG.220x165_q85_box-79,16,2028,1484_crop_detail.jpg','2017-03-06 14:29:21',205),(665,'63c77af23a93fcbac67418e6938048ca','product/tools__equipmet_1488810294.44.jpg.220x165_q85_box-5,4,282,212_crop_detail.jpg','2017-03-06 14:29:21',206),(666,'63c77af23a93fcbac67418e6938048ca','product/c.m.u_1488810471.1.jpg.220x165_q85_box-1,0,255,190_crop_detail.jpg','2017-03-06 14:29:21',207),(667,'63c77af23a93fcbac67418e6938048ca','product/keystone_1488810508.47.jpg.220x165_q85_box-0,96,152,210_crop_detail.jpg','2017-03-06 14:29:21',208),(668,'63c77af23a93fcbac67418e6938048ca','category/building__landscape_supplies_1488810126.8.jpg.430x360_q85_box-4,3,281,211_crop_detail.jpg','2017-03-06 14:40:36',203),(669,'63c77af23a93fcbac67418e6938048ca','product/borders__edging_1488811326.55.jpg.300x300_q85_detail_upscale.jpg','2017-03-06 14:42:07',209),(670,'63c77af23a93fcbac67418e6938048ca','product/borders__edging_1488811326.55.jpg.220x165_q85_box-46,1083,2569,2975_crop_detail.jpg','2017-03-06 14:42:41',209),(671,'63c77af23a93fcbac67418e6938048ca','product/adhesives_/_bonding_1488811442.5.jpg.300x300_q85_detail_upscale.png','2017-03-06 14:44:04',210),(672,'63c77af23a93fcbac67418e6938048ca','product/adhesives_/_bonding_1488811442.5.jpg.220x165_q85_box-0,28,225,197_crop_detail.png','2017-03-06 14:44:08',210),(673,'63c77af23a93fcbac67418e6938048ca','product/adhesives_/_bonding_1488811442.5.jpg.220x165_q85_box-89,0,373,213_crop_detail.png','2017-03-06 14:44:39',210),(674,'63c77af23a93fcbac67418e6938048ca','product/metal_products_1488811535.22.jpg.300x300_q85_detail_upscale.jpg','2017-03-06 14:45:37',211),(675,'63c77af23a93fcbac67418e6938048ca','product/adhesives_/_bonding_1488811442.5.jpg.220x165_q85_box-89,0,375,214_crop_detail.png','2017-03-06 14:46:03',210),(676,'63c77af23a93fcbac67418e6938048ca','product/metal_products_1488811535.22.jpg.220x165_q85_box-3,0,363,270_crop_detail.jpg','2017-03-06 14:46:03',211),(677,'63c77af23a93fcbac67418e6938048ca','product/adhesives_/_bonding_1488811442.5.jpg.220x165_q85_box-89,0,375,215_crop_detail.png','2017-03-06 14:46:39',210),(678,'63c77af23a93fcbac67418e6938048ca','product/fabric_1488812775.88.JPG.300x300_q85_detail_upscale.jpg','2017-03-06 15:06:17',212),(679,'63c77af23a93fcbac67418e6938048ca','product/fabric_1488812775.88.JPG.220x165_q85_box-576,415,2131,1581_crop_detail.jpg','2017-03-06 15:06:58',212),(680,'63c77af23a93fcbac67418e6938048ca','product/adhesives_/_bonding_1488811442.5.jpg.220x165_q85_box-89,0,376,216_crop_detail.png','2017-03-06 15:06:58',210),(681,'63c77af23a93fcbac67418e6938048ca','product/fabric_1488813093.49.JPG.300x300_q85_detail_upscale.jpg','2017-03-06 15:11:34',213),(682,'63c77af23a93fcbac67418e6938048ca','product/fabric_1488813093.49.JPG.220x165_q85_box-299,208,924,677_crop_detail.jpg','2017-03-06 15:12:01',213),(683,'63c77af23a93fcbac67418e6938048ca','product/cement_1488814752.02.jpg.300x300_q85_detail_upscale.jpg','2017-03-06 15:39:12',214),(684,'63c77af23a93fcbac67418e6938048ca','product/fire_clay_1488814752.14.jpg.300x300_q85_detail_upscale.jpg','2017-03-06 15:39:13',215),(685,'63c77af23a93fcbac67418e6938048ca','product/fire_brick_1488814752.18.jpg.300x300_q85_detail_upscale.jpg','2017-03-06 15:39:13',216),(686,'63c77af23a93fcbac67418e6938048ca','product/sealers_1488814752.22.jpg.300x300_q85_detail_upscale.jpg','2017-03-06 15:39:13',217),(687,'63c77af23a93fcbac67418e6938048ca','product/trowels_1488814752.26.jpg.300x300_q85_detail_upscale.jpg','2017-03-06 15:39:13',218),(688,'63c77af23a93fcbac67418e6938048ca','product/ox_blades_1488814752.33.jpg.300x300_q85_detail_upscale.jpg','2017-03-06 15:39:13',219),(689,'63c77af23a93fcbac67418e6938048ca','product/cement_1488814752.02.jpg.220x165_q85_box-0,28,225,197_crop_detail.jpg','2017-03-06 15:39:26',214),(690,'63c77af23a93fcbac67418e6938048ca','product/fire_clay_1488814752.14.jpg.220x165_q85_box-0,28,225,197_crop_detail.jpg','2017-03-06 15:39:26',215),(691,'63c77af23a93fcbac67418e6938048ca','product/fire_brick_1488814752.18.jpg.220x165_q85_box-0,28,225,197_crop_detail.jpg','2017-03-06 15:39:26',216),(692,'63c77af23a93fcbac67418e6938048ca','product/sealers_1488814752.22.jpg.220x165_q85_box-0,28,225,197_crop_detail.jpg','2017-03-06 15:39:26',217),(693,'63c77af23a93fcbac67418e6938048ca','product/trowels_1488814752.26.jpg.220x165_q85_box-0,28,225,197_crop_detail.jpg','2017-03-06 15:39:26',218),(694,'63c77af23a93fcbac67418e6938048ca','product/ox_blades_1488814752.33.jpg.220x165_q85_box-0,150,1201,1051_crop_detail.jpg','2017-03-06 15:39:26',219),(695,'63c77af23a93fcbac67418e6938048ca','product/tex_clean_1488814861.42.jpg.300x300_q85_detail_upscale.jpg','2017-03-06 15:41:02',220),(696,'63c77af23a93fcbac67418e6938048ca','product/cement_1488814752.02.jpg.220x165_q85_box-30,12,259,183_crop_detail.jpg','2017-03-06 15:41:02',214),(697,'63c77af23a93fcbac67418e6938048ca','product/fire_clay_1488814752.14.jpg.220x165_q85_box-0,0,300,225_crop_detail.jpg','2017-03-06 15:41:02',215),(698,'63c77af23a93fcbac67418e6938048ca','product/fire_brick_1488814752.18.jpg.220x165_q85_box-12,2,247,178_crop_detail.jpg','2017-03-06 15:41:02',216),(699,'63c77af23a93fcbac67418e6938048ca','product/sealers_1488814752.22.jpg.220x165_q85_box-0,99,450,437_crop_detail.jpg','2017-03-06 15:41:02',217),(700,'63c77af23a93fcbac67418e6938048ca','product/tex_clean_1488814861.42.jpg.220x165_q85_box-0,28,225,197_crop_detail.jpg','2017-03-06 15:41:02',220),(701,'63c77af23a93fcbac67418e6938048ca','product/trowels_1488814752.26.jpg.220x165_q85_box-157,0,800,482_crop_detail.jpg','2017-03-06 15:41:02',218),(702,'63c77af23a93fcbac67418e6938048ca','product/ox_blades_1488814752.33.jpg.220x165_q85_box-0,168,1201,1069_crop_detail.jpg','2017-03-06 15:41:03',219),(703,'63c77af23a93fcbac67418e6938048ca','product/fire_brick_1488814752.18.jpg.220x165_q85_box-12,2,247,177_crop_detail.jpg','2017-03-06 15:41:41',216),(704,'63c77af23a93fcbac67418e6938048ca','product/tex_clean_1488814861.42.jpg.220x165_q85_box-209,0,488,209_crop_detail.jpg','2017-03-06 15:41:41',220),(705,'63c77af23a93fcbac67418e6938048ca','product/mixers_1488815005.87.jpg.300x300_q85_detail_upscale.jpg','2017-03-06 15:43:27',221),(706,'63c77af23a93fcbac67418e6938048ca','product/muck_trucks_1488815093.73.png.300x300_q85_detail_upscale.png','2017-03-06 15:44:54',222),(707,'63c77af23a93fcbac67418e6938048ca','product/mixers_1488815005.87.jpg.220x165_q85_box-19,0,207,141_crop_detail.jpg','2017-03-06 15:45:08',221),(708,'63c77af23a93fcbac67418e6938048ca','product/muck_trucks_1488815093.73.png.220x165_q85_box-6,0,356,263_crop_detail.png','2017-03-06 15:45:08',222),(709,'63c77af23a93fcbac67418e6938048ca','product/muck_trucks_1488815093.73.png.220x165_q85_box-6,0,357,263_crop_detail.png','2017-03-06 15:50:56',222),(710,'63c77af23a93fcbac67418e6938048ca','product/hand_tools_1488820305.67.jpg.300x300_q85_detail_upscale.jpg','2017-03-06 17:11:46',223),(711,'63c77af23a93fcbac67418e6938048ca','product/hand_tools_1488820305.67.jpg.220x165_q85_box-0,15,125,109_crop_detail.jpg','2017-03-06 17:12:25',223),(712,'63c77af23a93fcbac67418e6938048ca','product/hand_tools_1488820450.71.jpg.300x300_q85_detail_upscale.jpg','2017-03-06 17:14:11',224),(713,'63c77af23a93fcbac67418e6938048ca','product/hand_tools_1488820450.71.jpg.220x165_q85_box-0,137,1000,887_crop_detail.jpg','2017-03-06 17:14:41',224),(714,'63c77af23a93fcbac67418e6938048ca','product/mixers_1488820524.83.jpg.300x300_q85_detail_upscale.jpg','2017-03-06 17:15:26',225),(715,'63c77af23a93fcbac67418e6938048ca','product/mixers_1488820524.83.jpg.220x165_q85_box-20,0,1000,735_crop_detail.jpg','2017-03-06 17:15:47',225),(716,'63c77af23a93fcbac67418e6938048ca','contentpage/manufactured_stone_1460036704.13.jpg.220x165_q85_box-81,0,634,415_crop_detail.jpg','2017-03-06 19:12:55',6),(717,'63c77af23a93fcbac67418e6938048ca','gallery/1224_Travis_Bluff_47.jpg.430x360_q85_box-155,93,595,533_crop_detail.jpg','2017-03-07 14:10:39',161),(718,'63c77af23a93fcbac67418e6938048ca','project/limestone_pool_1488895993.18.jpg.300x300_q85_detail_upscale.jpg','2017-03-07 14:13:14',226),(719,'63c77af23a93fcbac67418e6938048ca','project/oklahoma_waterfall_1488896045.73.JPG.300x300_q85_detail_upscale.jpg','2017-03-07 14:14:08',227),(720,'63c77af23a93fcbac67418e6938048ca','project/oklahoma_waterfall_1488896196.27.JPG.300x300_q85_detail_upscale.jpg','2017-03-07 14:16:38',228),(721,'63c77af23a93fcbac67418e6938048ca','project/oklahoma_pool_1488896268.28.jpg.300x300_q85_detail_upscale.jpg','2017-03-07 14:17:50',229),(722,'63c77af23a93fcbac67418e6938048ca','project/limestone_fountain_1488896537.34.JPG.300x300_q85_detail_upscale.jpg','2017-03-07 14:22:19',230),(723,'63c77af23a93fcbac67418e6938048ca','project/oklahoma_pool_1488896646.92.JPG.300x300_q85_detail_upscale.jpg','2017-03-07 14:24:09',231),(724,'63c77af23a93fcbac67418e6938048ca','project/caramel_waterfall_1488896815.08.jpg.300x300_q85_detail_upscale.jpg','2017-03-07 14:26:58',232),(725,'63c77af23a93fcbac67418e6938048ca','project/landscape_feature_1488896899.52.jpg.300x300_q85_detail_upscale.jpg','2017-03-07 14:28:21',233),(726,'63c77af23a93fcbac67418e6938048ca','project/limestone_pool_1488895993.18.jpg.800x600_q85_box-85,88,679,533_crop_detail.jpg','2017-03-07 14:28:21',226),(727,'63c77af23a93fcbac67418e6938048ca','project/limestone_pool_1488895993.18.jpg.220x165_q85_box-85,88,679,533_crop_detail.jpg','2017-03-07 14:28:21',226),(728,'63c77af23a93fcbac67418e6938048ca','project/oklahoma_waterfall_1488896045.73.JPG.800x600_q85_box-311,0,1718,1054_crop_detail.jpg','2017-03-07 14:28:22',227),(729,'63c77af23a93fcbac67418e6938048ca','project/oklahoma_waterfall_1488896045.73.JPG.220x165_q85_box-311,0,1718,1054_crop_detail.jpg','2017-03-07 14:28:22',227),(730,'63c77af23a93fcbac67418e6938048ca','project/oklahoma_waterfall_1488896196.27.JPG.800x600_q85_box-0,0,3456,2592_crop_detail.jpg','2017-03-07 14:28:22',228),(731,'63c77af23a93fcbac67418e6938048ca','project/oklahoma_waterfall_1488896196.27.JPG.220x165_q85_box-0,0,3456,2592_crop_detail.jpg','2017-03-07 14:28:23',228),(732,'63c77af23a93fcbac67418e6938048ca','project/oklahoma_pool_1488896268.28.jpg.800x600_q85_box-117,51,567,389_crop_detail.jpg','2017-03-07 14:28:23',229),(733,'63c77af23a93fcbac67418e6938048ca','project/oklahoma_pool_1488896268.28.jpg.220x165_q85_box-117,51,567,389_crop_detail.jpg','2017-03-07 14:28:23',229),(734,'63c77af23a93fcbac67418e6938048ca','project/limestone_fountain_1488896537.34.JPG.800x600_q85_box-0,0,3456,2592_crop_detail.jpg','2017-03-07 14:28:24',230),(735,'63c77af23a93fcbac67418e6938048ca','project/limestone_fountain_1488896537.34.JPG.220x165_q85_box-0,0,3456,2592_crop_detail.jpg','2017-03-07 14:28:24',230),(736,'63c77af23a93fcbac67418e6938048ca','project/oklahoma_pool_1488896646.92.JPG.800x600_q85_box-69,426,2822,2491_crop_detail.jpg','2017-03-07 14:28:24',231),(737,'63c77af23a93fcbac67418e6938048ca','project/oklahoma_pool_1488896646.92.JPG.220x165_q85_box-69,426,2822,2491_crop_detail.jpg','2017-03-07 14:28:25',231),(738,'63c77af23a93fcbac67418e6938048ca','project/caramel_waterfall_1488896815.08.jpg.800x600_q85_box-56,2,383,247_crop_detail.jpg','2017-03-07 14:28:26',232),(739,'63c77af23a93fcbac67418e6938048ca','project/caramel_waterfall_1488896815.08.jpg.220x165_q85_box-56,2,383,247_crop_detail.jpg','2017-03-07 14:28:28',232),(740,'63c77af23a93fcbac67418e6938048ca','project/landscape_feature_1488896899.52.jpg.800x600_q85_box-50,0,2050,1500_crop_detail.jpg','2017-03-07 14:28:29',233),(741,'63c77af23a93fcbac67418e6938048ca','project/landscape_feature_1488896899.52.jpg.220x165_q85_box-50,0,2050,1500_crop_detail.jpg','2017-03-07 14:28:29',233),(742,'63c77af23a93fcbac67418e6938048ca','project/landscape_feature_1488896899.52.jpg.800x600_q85_box-49,0,2046,1500_crop_detail.jpg','2017-03-07 14:30:07',233),(743,'63c77af23a93fcbac67418e6938048ca','project/landscape_feature_1488896899.52.jpg.220x165_q85_box-49,0,2046,1500_crop_detail.jpg','2017-03-07 14:30:07',233),(744,'63c77af23a93fcbac67418e6938048ca','product/oklahoma_chocolate_gold_1488897267.89.jpg.300x300_q85_detail_upscale.jpg','2017-03-07 14:34:30',234),(745,'63c77af23a93fcbac67418e6938048ca','product/oklahoma_chocolate_gold_1488897267.89.jpg.220x165_q85_box-0,0,640,480_crop_detail.jpg','2017-03-07 14:34:33',234),(746,'63c77af23a93fcbac67418e6938048ca','product/arizona_rosa_1488897432.01.jpg.300x300_q85_detail_upscale.jpg','2017-03-07 14:37:14',235),(747,'63c77af23a93fcbac67418e6938048ca','product/lueders_buff_1488897558.35.jpg.300x300_q85_detail_upscale.jpg','2017-03-07 14:39:19',236),(748,'63c77af23a93fcbac67418e6938048ca','product/creme_fossil_1488897625.1.jpg.300x300_q85_detail_upscale.jpg','2017-03-07 14:40:26',237),(749,'63c77af23a93fcbac67418e6938048ca','product/arizona_rosa_1488897432.01.jpg.220x165_q85_box-0,0,3456,2592_crop_detail.jpg','2017-03-07 14:41:42',235),(750,'63c77af23a93fcbac67418e6938048ca','product/lueders_buff_1488897558.35.jpg.220x165_q85_box-0,0,640,480_crop_detail.jpg','2017-03-07 14:41:42',236),(751,'63c77af23a93fcbac67418e6938048ca','product/creme_fossil_1488897625.1.jpg.220x165_q85_box-0,0,640,480_crop_detail.jpg','2017-03-07 14:41:42',237),(752,'63c77af23a93fcbac67418e6938048ca','product/bedrock_mix_1488897858.03.jpg.300x300_q85_detail_upscale.jpg','2017-03-07 14:44:20',238),(753,'63c77af23a93fcbac67418e6938048ca','product/chocolate_gold_blue_1488897921.16.jpg.300x300_q85_detail_upscale.jpg','2017-03-07 14:45:22',239),(754,'63c77af23a93fcbac67418e6938048ca','product/santa_fe_sunset_dark_1488897962.7.jpg.300x300_q85_detail_upscale.jpg','2017-03-07 14:46:04',240),(755,'63c77af23a93fcbac67418e6938048ca','product/az_sunset_1488898099.58.jpg.300x300_q85_detail_upscale.jpg','2017-03-07 14:48:20',241),(756,'63c77af23a93fcbac67418e6938048ca','product/az_sunset_1488898099.58.jpg.220x165_q85_box-0,0,400,300_crop_detail.jpg','2017-03-07 14:48:22',241),(757,'63c77af23a93fcbac67418e6938048ca','product/bedrock_mix_1488897858.03.jpg.220x165_q85_box-0,0,3456,2592_crop_detail.jpg','2017-03-07 14:48:23',238),(758,'63c77af23a93fcbac67418e6938048ca','product/chocolate_gold_blue_1488897921.16.jpg.220x165_q85_box-0,0,640,480_crop_detail.jpg','2017-03-07 14:48:23',239),(759,'63c77af23a93fcbac67418e6938048ca','product/santa_fe_sunset_dark_1488897962.7.jpg.220x165_q85_box-0,0,640,480_crop_detail.jpg','2017-03-07 14:48:23',240),(760,'63c77af23a93fcbac67418e6938048ca','product/az_sunset_1488898167.43.jpg.300x300_q85_detail_upscale.jpg','2017-03-07 14:49:28',242),(761,'63c77af23a93fcbac67418e6938048ca','product/az_sunset_1488898167.43.jpg.220x165_q85_box-79,0,560,361_crop_detail.jpg','2017-03-07 14:49:44',242),(762,'63c77af23a93fcbac67418e6938048ca','product/az_sunset_1488898167.43.jpg.220x165_q85_box-79,0,561,362_crop_detail.jpg','2017-03-07 14:52:05',242),(763,'63c77af23a93fcbac67418e6938048ca','product/az_sunset_1488898167.43.jpg.220x165_q85_box-79,0,562,363_crop_detail.jpg','2017-03-07 14:53:35',242),(764,'63c77af23a93fcbac67418e6938048ca','product/classic_oak_1460044537.05.jpg.220x165_q85_box-83,66,555,420_crop_detail.jpg','2017-03-07 14:57:00',61),(765,'63c77af23a93fcbac67418e6938048ca','project/oklahoma_arch_1488899637.57.jpg.300x300_q85_detail_upscale.jpg','2017-03-07 15:13:58',243),(766,'63c77af23a93fcbac67418e6938048ca','project/caramel_border_1488899804.94.JPG.300x300_q85_detail_upscale.jpg','2017-03-07 15:16:47',244),(767,'63c77af23a93fcbac67418e6938048ca','project/arch_1488900043.05.jpg.300x300_q85_detail_upscale.jpg','2017-03-07 15:20:45',245),(768,'63c77af23a93fcbac67418e6938048ca','project/limestone_boulder_1488900126.09.jpg.300x300_q85_detail_upscale.jpg','2017-03-07 15:22:08',246),(769,'63c77af23a93fcbac67418e6938048ca','project/gateg_1488900206.77.jpg.300x300_q85_detail_upscale.jpg','2017-03-07 15:23:28',247),(770,'63c77af23a93fcbac67418e6938048ca','project/bedrock_landscape_1488900283.26.jpg.300x300_q85_detail_upscale.jpg','2017-03-07 15:24:45',248),(771,'63c77af23a93fcbac67418e6938048ca','project/oklahoma_arch_1488899637.57.jpg.800x600_q85_box-1244,703,3333,2269_crop_detail.jpg','2017-03-07 15:25:51',243),(772,'63c77af23a93fcbac67418e6938048ca','project/oklahoma_arch_1488899637.57.jpg.220x165_q85_box-1244,703,3333,2269_crop_detail.jpg','2017-03-07 15:25:51',243),(773,'63c77af23a93fcbac67418e6938048ca','project/caramel_border_1488899804.94.JPG.800x600_q85_box-0,0,3456,2592_crop_detail.jpg','2017-03-07 15:25:52',244),(774,'63c77af23a93fcbac67418e6938048ca','project/caramel_border_1488899804.94.JPG.220x165_q85_box-0,0,3456,2592_crop_detail.jpg','2017-03-07 15:25:52',244),(775,'63c77af23a93fcbac67418e6938048ca','project/arch_1488900043.05.jpg.800x600_q85_box-150,0,3456,2480_crop_detail.jpg','2017-03-07 15:25:53',245),(776,'63c77af23a93fcbac67418e6938048ca','project/arch_1488900043.05.jpg.220x165_q85_box-150,0,3456,2480_crop_detail.jpg','2017-03-07 15:25:53',245),(777,'63c77af23a93fcbac67418e6938048ca','project/limestone_boulder_1488900126.09.jpg.800x600_q85_box-0,220,337,473_crop_detail.jpg','2017-03-07 15:25:53',246),(778,'63c77af23a93fcbac67418e6938048ca','project/limestone_boulder_1488900126.09.jpg.220x165_q85_box-0,220,337,473_crop_detail.jpg','2017-03-07 15:25:53',246),(779,'63c77af23a93fcbac67418e6938048ca','project/gateg_1488900206.77.jpg.800x600_q85_box-0,0,3456,2592_crop_detail.jpg','2017-03-07 15:25:54',247),(780,'63c77af23a93fcbac67418e6938048ca','project/gateg_1488900206.77.jpg.220x165_q85_box-0,0,3456,2592_crop_detail.jpg','2017-03-07 15:25:54',247),(781,'63c77af23a93fcbac67418e6938048ca','project/bedrock_landscape_1488900283.26.jpg.800x600_q85_box-0,0,3456,2592_crop_detail.jpg','2017-03-07 15:25:55',248),(782,'63c77af23a93fcbac67418e6938048ca','project/bedrock_landscape_1488900283.26.jpg.220x165_q85_box-0,0,3456,2592_crop_detail.jpg','2017-03-07 15:25:55',248),(783,'63c77af23a93fcbac67418e6938048ca','project/bedrock_walkway_1488900365.62.jpg.300x300_q85_detail_upscale.jpg','2017-03-07 15:26:07',249),(784,'63c77af23a93fcbac67418e6938048ca','project/limestone_boulder_1488900126.09.jpg.800x600_q85_box-0,220,338,474_crop_detail.jpg','2017-03-07 15:26:37',246),(785,'63c77af23a93fcbac67418e6938048ca','project/limestone_boulder_1488900126.09.jpg.220x165_q85_box-0,220,338,474_crop_detail.jpg','2017-03-07 15:26:37',246),(786,'63c77af23a93fcbac67418e6938048ca','project/bedrock_walkway_1488900365.62.jpg.800x600_q85_box-0,0,3456,2592_crop_detail.jpg','2017-03-07 15:26:37',249),(787,'63c77af23a93fcbac67418e6938048ca','project/bedrock_walkway_1488900365.62.jpg.220x165_q85_box-0,0,3456,2592_crop_detail.jpg','2017-03-07 15:26:38',249),(788,'63c77af23a93fcbac67418e6938048ca','project/santa_clara_1488900614.63.JPG.300x300_q85_detail_upscale.jpg','2017-03-07 15:30:15',250),(789,'63c77af23a93fcbac67418e6938048ca','project/santa_clara_1488900614.63.JPG.800x600_q85_box-0,0,3456,2592_crop_detail.jpg','2017-03-07 15:31:47',250),(790,'63c77af23a93fcbac67418e6938048ca','project/santa_clara_1488900614.63.JPG.220x165_q85_box-0,0,3456,2592_crop_detail.jpg','2017-03-07 15:31:47',250),(791,'63c77af23a93fcbac67418e6938048ca','project/buff_/_peach_1488900742.28.jpg.300x300_q85_detail_upscale.jpg','2017-03-07 15:32:25',251),(792,'63c77af23a93fcbac67418e6938048ca','project/penn_full_color_1488900787.21.jpg.300x300_q85_detail_upscale.jpg','2017-03-07 15:33:09',252),(793,'63c77af23a93fcbac67418e6938048ca','project/pacific_blue_1488900832.59.jpg.300x300_q85_detail_upscale.jpg','2017-03-07 15:33:54',253),(794,'63c77af23a93fcbac67418e6938048ca','project/weathered_1488901653.98.jpg.300x300_q85_detail_upscale.jpg','2017-03-07 15:47:35',254),(795,'63c77af23a93fcbac67418e6938048ca','project/oklahoma_1488901728.22.jpg.300x300_q85_detail_upscale.jpg','2017-03-07 15:48:49',255),(796,'63c77af23a93fcbac67418e6938048ca','project/mexican_creme_1488901916.9.jpg.300x300_q85_detail_upscale.jpg','2017-03-07 15:52:02',256),(797,'63c77af23a93fcbac67418e6938048ca','project/buff_/_peach_1488900742.28.jpg.800x600_q85_box-0,1505,4900,5180_crop_detail.jpg','2017-03-07 15:52:26',251),(798,'63c77af23a93fcbac67418e6938048ca','project/buff_/_peach_1488900742.28.jpg.220x165_q85_box-0,1505,4900,5180_crop_detail.jpg','2017-03-07 15:52:27',251),(799,'63c77af23a93fcbac67418e6938048ca','project/penn_full_color_1488900787.21.jpg.800x600_q85_box-0,0,640,480_crop_detail.jpg','2017-03-07 15:52:27',252),(800,'63c77af23a93fcbac67418e6938048ca','project/penn_full_color_1488900787.21.jpg.220x165_q85_box-0,0,640,480_crop_detail.jpg','2017-03-07 15:52:27',252),(801,'63c77af23a93fcbac67418e6938048ca','project/pacific_blue_1488900832.59.jpg.800x600_q85_box-1394,1048,3452,2592_crop_detail.jpg','2017-03-07 15:52:27',253),(802,'63c77af23a93fcbac67418e6938048ca','project/pacific_blue_1488900832.59.jpg.220x165_q85_box-1394,1048,3452,2592_crop_detail.jpg','2017-03-07 15:52:28',253),(803,'63c77af23a93fcbac67418e6938048ca','project/weathered_1488901653.98.jpg.800x600_q85_box-0,1267,1751,2580_crop_detail.jpg','2017-03-07 15:52:28',254),(804,'63c77af23a93fcbac67418e6938048ca','project/weathered_1488901653.98.jpg.220x165_q85_box-0,1267,1751,2580_crop_detail.jpg','2017-03-07 15:52:28',254),(805,'63c77af23a93fcbac67418e6938048ca','project/oklahoma_1488901728.22.jpg.800x600_q85_box-83,2,550,353_crop_detail.jpg','2017-03-07 15:52:29',255),(806,'63c77af23a93fcbac67418e6938048ca','project/oklahoma_1488901728.22.jpg.220x165_q85_box-83,2,550,353_crop_detail.jpg','2017-03-07 15:52:29',255),(807,'63c77af23a93fcbac67418e6938048ca','project/mexican_creme_1488901916.9.jpg.800x600_q85_box-0,1750,7000,7000_crop_detail.jpg','2017-03-07 15:52:40',256),(808,'63c77af23a93fcbac67418e6938048ca','project/mexican_creme_1488901916.9.jpg.220x165_q85_box-0,1750,7000,7000_crop_detail.jpg','2017-03-07 15:52:41',256),(809,'63c77af23a93fcbac67418e6938048ca','project/oklahoma_1488902052.5.jpg.300x300_q85_detail_upscale.jpg','2017-03-07 15:54:16',257),(810,'63c77af23a93fcbac67418e6938048ca','project/oklahoma_1488902052.5.jpg.800x600_q85_box-1302,196,3318,1708_crop_detail.jpg','2017-03-07 15:54:55',257),(811,'63c77af23a93fcbac67418e6938048ca','project/oklahoma_1488902052.5.jpg.220x165_q85_box-1302,196,3318,1708_crop_detail.jpg','2017-03-07 15:54:55',257),(812,'63c77af23a93fcbac67418e6938048ca','project/oklahoma_1488904525.83.jpg.300x300_q85_detail_upscale.jpg','2017-03-07 16:35:39',258),(813,'63c77af23a93fcbac67418e6938048ca','project/oklahoma_1488904525.83.jpg.800x600_q85_box-380,357,3345,2580_crop_detail.jpg','2017-03-07 16:36:09',258),(814,'63c77af23a93fcbac67418e6938048ca','project/oklahoma_1488904525.83.jpg.220x165_q85_box-380,357,3345,2580_crop_detail.jpg','2017-03-07 16:36:10',258),(815,'63c77af23a93fcbac67418e6938048ca','product/arizona_rosa_1488904772.83.jpg.300x300_q85_detail_upscale.jpg','2017-03-07 16:39:36',259),(816,'63c77af23a93fcbac67418e6938048ca','product/bedrock_mix_1488904860.67.jpg.300x300_q85_detail_upscale.jpg','2017-03-07 16:41:02',260),(817,'63c77af23a93fcbac67418e6938048ca','product/chocolate_gold_blue_1488904972.86.jpg.300x300_q85_detail_upscale.jpg','2017-03-07 16:42:55',261),(818,'63c77af23a93fcbac67418e6938048ca','product/az_sunset_1488905172.26.jpg.300x300_q85_detail_upscale.jpg','2017-03-07 16:46:13',262),(819,'63c77af23a93fcbac67418e6938048ca','product/chocolate_gold_blue_1488904972.86.jpg.220x165_q85_box-0,0,640,480_crop_detail.jpg','2017-03-07 16:46:53',261),(820,'63c77af23a93fcbac67418e6938048ca','product/bedrock_mix_1488904860.67.jpg.220x165_q85_box-0,0,3456,2592_crop_detail.jpg','2017-03-07 16:46:53',260),(821,'63c77af23a93fcbac67418e6938048ca','product/az_sunset_1488905172.26.jpg.220x165_q85_box-79,0,562,363_crop_detail.jpg','2017-03-07 16:46:54',262),(822,'63c77af23a93fcbac67418e6938048ca','product/arizona_rosa_1488904772.83.jpg.220x165_q85_box-0,0,3456,2592_crop_detail.jpg','2017-03-07 16:46:54',259),(823,'63c77af23a93fcbac67418e6938048ca','product/chocolate_gold_blue_1488905318.92.jpg.300x300_q85_detail_upscale.jpg','2017-03-07 16:48:40',263),(824,'63c77af23a93fcbac67418e6938048ca','product/chocolate_gold_blue_1488905318.92.jpg.220x165_q85_box-0,0,640,480_crop_detail.jpg','2017-03-07 16:48:46',263),(825,'63c77af23a93fcbac67418e6938048ca','product/chocolate_gold_blue_1488905634.31.jpg.300x300_q85_detail_upscale.jpg','2017-03-07 16:53:55',264),(826,'63c77af23a93fcbac67418e6938048ca','product/bedrock_mix_1488905686.85.jpg.300x300_q85_detail_upscale.jpg','2017-03-07 16:54:49',265),(827,'63c77af23a93fcbac67418e6938048ca','product/ok_chocolate_gold_1488905773.53.jpg.300x300_q85_detail_upscale.jpg','2017-03-07 16:56:14',266),(828,'63c77af23a93fcbac67418e6938048ca','product/arizona_rosa_1488905773.63.jpg.300x300_q85_detail_upscale.jpg','2017-03-07 16:56:16',267),(829,'63c77af23a93fcbac67418e6938048ca','product/ok_chocolate_gold_1488905773.53.jpg.220x165_q85_box-0,0,640,480_crop_detail.jpg','2017-03-07 16:56:33',266),(830,'63c77af23a93fcbac67418e6938048ca','product/chocolate_gold_blue_1488905634.31.jpg.220x165_q85_box-0,0,640,480_crop_detail.jpg','2017-03-07 16:56:34',264),(831,'63c77af23a93fcbac67418e6938048ca','product/bedrock_mix_1488905686.85.jpg.220x165_q85_box-0,0,3456,2592_crop_detail.jpg','2017-03-07 16:56:34',265),(832,'63c77af23a93fcbac67418e6938048ca','product/arizona_rosa_1488905773.63.jpg.220x165_q85_box-0,0,3456,2592_crop_detail.jpg','2017-03-07 16:56:34',267),(833,'63c77af23a93fcbac67418e6938048ca','product/az_sunset_1488905864.46.jpg.300x300_q85_detail_upscale.jpg','2017-03-07 16:57:45',268),(834,'63c77af23a93fcbac67418e6938048ca','product/az_sunset_1488905864.46.jpg.220x165_q85_box-79,0,562,363_crop_detail.jpg','2017-03-07 16:57:48',268),(835,'63c77af23a93fcbac67418e6938048ca','product/az_sunset_1488905864.46.jpg.220x165_q85_box-0,107,480,467_crop_detail.jpg','2017-03-07 16:58:18',268);
/*!40000 ALTER TABLE `easy_thumbnails_thumbnail` ENABLE KEYS */;
UNLOCK TABLES;

--
-- Table structure for table `easy_thumbnails_thumbnaildimensions`
--

DROP TABLE IF EXISTS `easy_thumbnails_thumbnaildimensions`;
/*!40101 SET @saved_cs_client     = @@character_set_client */;
/*!40101 SET character_set_client = utf8 */;
CREATE TABLE `easy_thumbnails_thumbnaildimensions` (
  `id` int(11) NOT NULL AUTO_INCREMENT,
  `thumbnail_id` int(11) NOT NULL,
  `width` int(10) unsigned DEFAULT NULL,
  `height` int(10) unsigned DEFAULT NULL,
  PRIMARY KEY (`id`),
  UNIQUE KEY `thumbnail_id` (`thumbnail_id`),
  CONSTRAINT `easy_thumb_thumbnail_id_c3a0c549_fk_easy_thumbnails_thumbnail_id` FOREIGN KEY (`thumbnail_id`) REFERENCES `easy_thumbnails_thumbnail` (`id`)
) ENGINE=InnoDB DEFAULT CHARSET=latin1;
/*!40101 SET character_set_client = @saved_cs_client */;

--
-- Dumping data for table `easy_thumbnails_thumbnaildimensions`
--

LOCK TABLES `easy_thumbnails_thumbnaildimensions` WRITE;
/*!40000 ALTER TABLE `easy_thumbnails_thumbnaildimensions` DISABLE KEYS */;
/*!40000 ALTER TABLE `easy_thumbnails_thumbnaildimensions` ENABLE KEYS */;
UNLOCK TABLES;

--
-- Table structure for table `web_category`
--

DROP TABLE IF EXISTS `web_category`;
/*!40101 SET @saved_cs_client     = @@character_set_client */;
/*!40101 SET character_set_client = utf8 */;
CREATE TABLE `web_category` (
  `id` int(11) NOT NULL AUTO_INCREMENT,
  `name` varchar(100) NOT NULL,
  `slug` varchar(100) NOT NULL,
  `sort_order` int(11) NOT NULL,
  `homepage_position` int(11) DEFAULT NULL,
  `image` varchar(100),
  `cropped` varchar(255) NOT NULL,
  `long_description` longtext,
  `short_description` longtext,
  `long_description_en` longtext,
  `long_description_es` longtext,
  `name_en` varchar(100),
  `name_es` varchar(100),
  `short_description_en` longtext,
  `short_description_es` longtext,
  `slug_en` varchar(100),
  `slug_es` varchar(100),
  PRIMARY KEY (`id`)
) ENGINE=InnoDB AUTO_INCREMENT=13 DEFAULT CHARSET=latin1;
/*!40101 SET character_set_client = @saved_cs_client */;

--
-- Dumping data for table `web_category`
--

LOCK TABLES `web_category` WRITE;
/*!40000 ALTER TABLE `web_category` DISABLE KEYS */;
INSERT INTO `web_category` VALUES (1,'Aggregates','aggregates',9,NULL,'category/aggregates_1460038602.68.jpg','0,0,400,300','Aggregates can serve many purposes in a design. Functionally, not only do they prevent water runoff and erosion, but they can also prevent weed growth and retain moisture, saving dramatic amounts of water. Visually, when paired with the correct plants or other accent pieces they can provide a dramatic contrast in color and texture, and take your landscape from nice to amazing. \r\n\r\nTake a few minutes and browse through just a small selection of the aggregate products we offer on site at Bedrock Stone & Design.','Aggregates products add visual interest while helping prevent runoff or weed growth on a landscape project.','Aggregates can serve many purposes in a design. Functionally, not only do they prevent water runoff and erosion, but they can also prevent weed growth and retain moisture, saving dramatic amounts of water. Visually, when paired with the correct plants or other accent pieces they can provide a dramatic contrast in color and texture, and take your landscape from nice to amazing. \r\n\r\nTake a few minutes and browse through just a small selection of the aggregate products we offer on site at Bedrock Stone & Design.',NULL,'Aggregates','Agregados','Aggregates products add visual interest while helping prevent runoff or weed growth on a landscape project.','productos agregados aaden inters visual mientras que ayuda a evitar que se escurra o el crecimiento de malas hierbas en un proyecto de paisaje .','aggregates','aggregates'),(2,'Pavers','pavers',11,NULL,'category/pavers_1488393394.08.jpg','0,23,3425,2592','Bedrock Stone carries a full selection of natural stone and manufactured pavers.','Pavers provide the convenience of a uniform size and thickness of a product with the beauty of natural stone.','Bedrock Stone carries a full selection of natural stone and manufactured pavers.',NULL,'Pavers','Pavimentadoras','Pavers provide the convenience of a uniform size and thickness of a product with the beauty of natural stone.','Pavimentadoras ofrecen la comodidad de un tamao uniforme y el espesor de un producto con la belleza de la piedra natural .','pavers','pavers'),(3,'Patio','patio',3,NULL,'category/patio_1487966506.57.jpg','507,530,3122,2491','Natural stone adds amazing depth and color to a backyard patio. At Bedrock Stone & Design we carry patio stone from Oklahoma, Texas, Mexico and Pennsylvania in many different colors and textures. Whether you\'re building a small walkway or a huge backyard entertaining area, the patio stone we carry will move your project from nice to stunning.\r\n\r\nTake a look at just a small selection of what we carry in our Austin, Tx locations.','Nothing beats the beauty of a natural stone patio.','Natural stone adds amazing depth and color to a backyard patio. At Bedrock Stone & Design we carry patio stone from Oklahoma, Texas, Mexico and Pennsylvania in many different colors and textures. Whether you\'re building a small walkway or a huge backyard entertaining area, the patio stone we carry will move your project from nice to stunning.\r\n\r\nTake a look at just a small selection of what we carry in our Austin, Tx locations.',NULL,'Patio','Patio','Nothing beats the beauty of a natural stone patio.','Nada es mejor que la belleza de un patio de piedra natural.','patio',''),(4,'Masonry Products','masonry_tools',8,NULL,'category/masonry_tools_1460039043.99.jpg','24,0,374,263','The products we carry are well known for their quality. We are proud to distribute Lehigh Cement and Marshalltown tools.','Bedrock Stone & Design carries a full line of products used by masons in the construction industry for the installation of stone.','The products we carry are well known for their quality. We are proud to distribute Lehigh Cement and Marshalltown tools.',NULL,'Masonry Products','Herramienta de Albailera','Bedrock Stone & Design carries a full line of products used by masons in the construction industry for the installation of stone.','Bedrock Stone & Design est orgulloso de caractersticas suministro completo de herramientas de albailera a muy buenos precios para la comodidad de los albailes que estamos tan felices de tener como clientes.','masonry_tools','masonry_tools'),(5,'Building Stones','building_stones',3,NULL,'category/building_stones_1488296298.84.jpg','31,20,3062,2294','Retaining walls not only help prevent erosion, but, when built properly, with natural chopped stone from Bedrock Stone & Design, they can be stunning addition to your landscape.  Natural chopped stone also can add a beautiful border to a flower bed that can add texture and contrast to an already beautiful landscape.\r\n\r\nWe offer chopped block in sizes from 2\"x4\" to 12\"x12\" in limestone, Oklahoma Sandstone, Texas Sandstone and others at our yards in Austin, Tx.  Browse some of them here.','For retaining walls or borders, natural chopped block adds color and interest to a landscape design.','Retaining walls not only help prevent erosion, but, when built properly, with natural chopped stone from Bedrock Stone & Design, they can be stunning addition to your landscape.  Natural chopped stone also can add a beautiful border to a flower bed that can add texture and contrast to an already beautiful landscape.\r\n\r\nWe offer chopped block in sizes from 2\"x4\" to 12\"x12\" in limestone, Oklahoma Sandstone, Texas Sandstone and others at our yards in Austin, Tx.  Browse some of them here.','Muros de contencin no slo ayudan a prevenir la erosin, pero , cuando se construy correctamente, con piedra natural picada de roca de fondo de piedra y diseo, que puede ser impresionante , adems de su paisaje. piedra picada natural tambin puede aadir una frontera hermosa de un macizo de flores que se pueden aadir textura y contraste a una ya hermoso paisaje .\r\n\r\nOfrecemos bloque picado en tamaos de 2 \"x 4 \" a 12 \"x 12 \" en piedra caliza , piedra arenisca de Oklahoma , Texas arenisca y otros en nuestros patios en Austin , Tx . Ver algunos de ellos aqu.','Building Stones','Picada / Seco De','For retaining walls or borders, natural chopped block adds color and interest to a landscape design.','Para muros de contencin o fronteras , bloque picada naturales aade color e inters a un diseo del paisaje .','building_stones','chopped_block'),(6,'Landscape Stone','landscape_stone',1,NULL,'category/landscape_stone_1488561067.74.jpg','187,72,800,532','Natural boulders add the next level of visual interest to a landscape.  At Bedrock Stone & Design we carry a wide variety of boulders from areas like Oklahoma, Arkansas, Texas, Pennsylvania in unique shapes, sizes and colors. There is little that adds as much wow factor to a landscape as a well placed natural boulder. \r\n\r\nBrowse just a few samples of the wide variety of boulders we carry at our locations in Austin, Tx.','Natural boulders add depth and interest to your landscape design.','Natural boulders add the next level of visual interest to a landscape.  At Bedrock Stone & Design we carry a wide variety of boulders from areas like Oklahoma, Arkansas, Texas, Pennsylvania in unique shapes, sizes and colors. There is little that adds as much wow factor to a landscape as a well placed natural boulder. \r\n\r\nBrowse just a few samples of the wide variety of boulders we carry at our locations in Austin, Tx.','Piedras naturales se suman al siguiente nivel de inters visual a un paisaje . En Bedrock Stone & Design contamos con una amplia variedad de cantos rodados de las zonas como Oklahoma , Arkansas , Texas , Pennsylvania en formas nicas , tamaos y colores . Es poco lo que se suma la mayor cantidad factor sorpresa a un paisaje como una roca natural bien colocado .\r\n\r\nExplorar slo algunos ejemplos de la gran variedad de cantos rodados que llevamos en nuestras ubicaciones en Austin , Tx .','Landscape Stone','Cantos Rodados','Natural boulders add depth and interest to your landscape design.','Piedras naturales aaden profundidad e inters a su diseo del paisaje .','landscape_stone','boulders'),(7,'Thin Veneer','thin_veneer',4,2,'category/thin_veneer_1460039594.73.jpg','30,0,270,180','Thin veneer gets you the best of both worlds. You get the character, texture and color of natural rock with a weight that is comparable to many manufactured products. Bedrock Stone & Design is the largest supplier in the Austin, Tx area. \r\n\r\nPlease take a few moments to browse through a small selection of the Thin Veneer products we carry.','Thin Veneer\'s relatively light-weight application broadens your options when considering the best location for this beautiful, easy to use product.','Thin veneer gets you the best of both worlds. You get the character, texture and color of natural rock with a weight that is comparable to many manufactured products. Bedrock Stone & Design is the largest supplier in the Austin, Tx area. \r\n\r\nPlease take a few moments to browse through a small selection of the Thin Veneer products we carry.','Fino barniz que saca lo mejor de ambos mundos . Que obtenga el carcter , la textura y el color de la roca natural con un peso que es comparable al de muchos productos manufacturados. Bedrock Stone & Diseo es el mayor proveedor en el rea de Austin , Tx .\r\n\r\nPor favor tome unos momentos para navegar a travs de una pequea seleccin de los productos de chapa fina que llevamos.','Thin Veneer','Chapa Delgada','Thin Veneer\'s relatively light-weight application broadens your options when considering the best location for this beautiful, easy to use product.','Aplicacin relativamente ligero de chapa fina ampla sus opciones cuando se considera la mejor ubicacin para este hermoso producto fcil de usar.','thin_veneer','thin_veneer'),(8,'Water Features','water_features',7,NULL,'category/water_features_1487961064.22.jpg','0,45,4545,3456','Bedrock Stone\'s water features are sure to add a splash to any project. Browse though some of them here.','Bedrock Stone features a large selection of high end water features.','Bedrock Stone\'s water features are sure to add a splash to any project. Browse though some of them here.',NULL,'Water Features',NULL,'Bedrock Stone features a large selection of high end water features.',NULL,'water_features',NULL),(9,'Soils & Sands','soils_sands',10,NULL,'category/soils__sands_1488238584.34.jpg','0,26,2546,1936',NULL,'Bedrock Stone carries an assortment of soils and sands for masonry and landscape projects.',NULL,NULL,'Soils & Sands',NULL,'Bedrock Stone carries an assortment of soils and sands for masonry and landscape projects.',NULL,'soils_sands',NULL),(10,'Eldorado','eldorado',5,NULL,'category/eldorado_1488230975.31.jpg','69,14,723,504','For over 40 years, Eldorado Stone has demonstrated an undeniable passion for creating authentic products that not only elevate quality and design, but also attainability. Believability is at the very core of our company philosophy. When you set your eyes on Eldorado Stone, it looks authentic, natural and most of all, beautiful.','Bedrock Stone is proud to partner with Eldorado Stone, the leading manufactured stone provider.','For over 40 years, Eldorado Stone has demonstrated an undeniable passion for creating authentic products that not only elevate quality and design, but also attainability. Believability is at the very core of our company philosophy. When you set your eyes on Eldorado Stone, it looks authentic, natural and most of all, beautiful.',NULL,'Eldorado',NULL,'Bedrock Stone is proud to partner with Eldorado Stone, the leading manufactured stone provider.',NULL,'eldorado',NULL),(11,'Fire & Water Bowls','fire_water',6,NULL,'category/fire__water_bowls_1488238692.22.jpg','0,210,1000,960',NULL,'Bedrock Stone carries a large selection of fire and water bowls to add visual interest to your project.',NULL,NULL,'Fire & Water Bowls',NULL,'Bedrock Stone carries a large selection of fire and water bowls to add visual interest to your project.',NULL,'fire_water',NULL),(12,'Building & Landscape Supplies','supplies',100,NULL,'category/building__landscape_supplies_1488810126.8.jpg','4,3,281,211','Projects ranging from new home construction to landscape hardscape construction are made easier by the availability of products offered by Bedrock stone and design.','Bedrock Stone & Design distributes products used in the construction of indoor and outdoor projects.','Projects ranging from new home construction to landscape hardscape construction are made easier by the availability of products offered by Bedrock stone and design.',NULL,'Building & Landscape Supplies',NULL,'Bedrock Stone & Design distributes products used in the construction of indoor and outdoor projects.',NULL,'supplies',NULL);
/*!40000 ALTER TABLE `web_category` ENABLE KEYS */;
UNLOCK TABLES;

--
-- Table structure for table `web_contentpage`
--

DROP TABLE IF EXISTS `web_contentpage`;
/*!40101 SET @saved_cs_client     = @@character_set_client */;
/*!40101 SET character_set_client = utf8 */;
CREATE TABLE `web_contentpage` (
  `id` int(11) NOT NULL AUTO_INCREMENT,
  `name` varchar(100) NOT NULL,
  `long_description` longtext,
  `short_description` longtext,
  `slug` varchar(100) NOT NULL,
  `sort_order` int(11) NOT NULL,
  `image` varchar(100) DEFAULT NULL,
  `cropped` varchar(255) NOT NULL,
  `homepage_position` int(11) DEFAULT NULL,
  `long_description_en` longtext,
  `long_description_es` longtext,
  `name_en` varchar(100),
  `name_es` varchar(100),
  `short_description_en` longtext,
  `short_description_es` longtext,
  `slug_en` varchar(100),
  `slug_es` varchar(100),
  PRIMARY KEY (`id`)
) ENGINE=InnoDB AUTO_INCREMENT=7 DEFAULT CHARSET=latin1;
/*!40101 SET character_set_client = @saved_cs_client */;

--
-- Dumping data for table `web_contentpage`
--

LOCK TABLES `web_contentpage` WRITE;
/*!40000 ALTER TABLE `web_contentpage` DISABLE KEYS */;
INSERT INTO `web_contentpage` VALUES (1,'Natural Stone','Just about any design product can be made more elegant with the addition of Natural Stone. In an interior design, adding a natural stone wall has the effect of bringing some of the outdoors in, and adds texture and color that is almost impossible to mimic with manufactured materials. Very little adds elegance to a living room like a natural stone fire hearth around a fireplace. \r\n\r\nOutdoors, natural stone borders made of some of Bedrock\'s chopped block can offer a great barrier to weeds and help define an area while adding color and interest. Our boulders can be placed in beds or laws or even added to entertaining areas for informal seating. Aggregates add a weed barrier and help prevent erosion and retain moisture, saving money on water bills.','At Bedrock Stone, we pride ourselves in carrying the largest selection of natural stone products in Central Texas.','natural_stone',1,'contentpage/natural_stone_1488388638.3.jpg','0,0,3456,2592',1,'Just about any design product can be made more elegant with the addition of Natural Stone. In an interior design, adding a natural stone wall has the effect of bringing some of the outdoors in, and adds texture and color that is almost impossible to mimic with manufactured materials. Very little adds elegance to a living room like a natural stone fire hearth around a fireplace. \r\n\r\nOutdoors, natural stone borders made of some of Bedrock\'s chopped block can offer a great barrier to weeds and help define an area while adding color and interest. Our boulders can be placed in beds or laws or even added to entertaining areas for informal seating. Aggregates add a weed barrier and help prevent erosion and retain moisture, saving money on water bills.','Casi cualquier producto de diseo se puede hacer ms elegante con la adicin de la Piedra Natural . En un diseo de interiores , la adicin de un muro de piedra natural tiene el efecto de traer algunos de actividades al aire libre en , y aade textura y color que es casi imposible de imitar con materiales manufacturados. Muy poco aade elegancia a una sala de estar como un hogar de piedra natural de incendios alrededor de una chimenea .\r\n\r\nAl aire libre, las fronteras naturales de piedra hechas de algunos de bloques de roca de fondo picada pueden ofrecer una gran barrera para las malas hierbas y ayudar a definir una zona al tiempo que aade color e inters . Nuestros cantos rodados pueden ser colocados en camas o leyes o incluso aaden a entretener a las zonas de asientos informales . Los agregados aaden una barrera de hierba y ayudan a prevenir la erosin y conservar la humedad , ahorrando dinero en las facturas de agua .','Natural Stone','Piedra Natural','At Bedrock Stone, we pride ourselves in carrying the largest selection of natural stone products in Central Texas.','La piedra natural aade color , profundidad e inters visual a cualquier proyecto. En Bedrock Stone & Design , nos enorgullecemos en la realizacin de la mayor seleccin de productos de piedra natural en el centro de Texas .','natural_stone','natural_stone'),(2,'Landscaping','With 4 convenient locations, Bedrock Stone & Design carries the largest supply of landscape supplies in the Austin, TX area. \r\n\r\nWhether you\'re looking for patio stone, boulders, concrete, or aggregates, we\'re sure to have the landscaping supplies you need. Please take a few minutes to browse our site and give us a call at 512-266-8080!','Bedrock Stone & Design is a leading landscaping supplier in the Austin, TX area.','landscaping_supplies',2,'contentpage/landscaping_1488209531.35.jpg','0,0,3456,2592',2,'With 4 convenient locations, Bedrock Stone & Design carries the largest supply of landscape supplies in the Austin, TX area. \r\n\r\nWhether you\'re looking for patio stone, boulders, concrete, or aggregates, we\'re sure to have the landscaping supplies you need. Please take a few minutes to browse our site and give us a call at 512-266-8080!','Con 4 lugares convenientes, Bedrock Stone & Diseo lleva la mayor oferta de fuentes del paisaje en el rea de Austin, TX .\r\n\r\nYa sea que est buscando Patio de piedra , rocas, concreto o agregados, estamos seguros de tener los suministros de jardinera que necesita. Por favo, tome unos minutos para navegar por nuestro sitio y nos dan una llamada al 512-266-8080!','Landscaping','Paisajismo','Bedrock Stone & Design is a leading landscaping supplier in the Austin, TX area.','Lecho de roca de piedra y Diseo es un proveedor lder de jardinera en el rea de Austin , TX .','landscaping_supplies','landscaping_supplies'),(3,'Customer Service','No one understands the industry like the staff at Bedrock Stone & Design. Whatever your design need, our representatives have most likely dealt with it before. They can walk you though our many on site displays to show you examples of our product used in real world applications, or help your browse through our on site kiosk systems that show not only our products, but projects in which they\'ve been used.\r\n\r\nCome check us out! You\'ll be glad you did!','At Bedrock Stone & Design, we pride ourself at being the local leader in customer service.','customer_service',500,'contentpage/customer_service_1460036481.46.JPG','0,0,3456,2592',3,'No one understands the industry like the staff at Bedrock Stone & Design. Whatever your design need, our representatives have most likely dealt with it before. They can walk you though our many on site displays to show you examples of our product used in real world applications, or help your browse through our on site kiosk systems that show not only our products, but projects in which they\'ve been used.\r\n\r\nCome check us out! You\'ll be glad you did!','Nadie entiende la industria como el personal de la roca de fondo de piedra y diseo . Sea cual sea su necesidad de diseo , nuestros representantes han tratado ms probable que antes. Pueden caminar a pesar de nuestros muchos en el sitio muestra a mostrar ejemplos de nuestro producto utilizados en aplicaciones del mundo real, o ayudar a su navegar a travs de nuestro sitio en sistemas de quiosco que muestran no slo nuestros productos, sino proyectos en los que hemos sido utilizados .\r\n\r\nVen a visitarnos ! Te alegrars de haberlo hecho!','Customer Service','Servicio al Cliente','At Bedrock Stone & Design, we pride ourself at being the local leader in customer service.','En Bedrock Stone & Design, estamos orgullosos de nosotros mismos a ser el lder local de atencin al cliente .','customer_service','customer_service'),(4,'Manufactured Stone','At Bedrock Stone & Design, our manufactured stone\'s colors are unsurpassed in the industry. Each stone and brick is literally hand painted piece-by-piece by highly-trained industry leading artisans. We use only the highest quality natural mineral oxides to infuse the surface with rich, authentic tones. When you take a closer look at Eldorado Stone you will see the unmatched depth and variation of colors; hints of rust, mossy greens, russet browns and golden umbers.\r\n\r\nEvery piece of our manufactured stone is cast from a special mold of an actual natural stone. Craftsmen sort through tons of stone, piece by piece, selecting only the rocks that complement each other and have just the right shape, texture, size and detail. Our state of the art mold manufacturing facility is able to capture every textural detail down to the most finite level.','For the occasion when natural stone just won\'t cut it, Bedrock Stone & Design carries a line of manufactured stones that will be sure to fit your design needs.','manufactured_stone',500,'contentpage/manufactured_stone_1460036704.13.jpg','81,0,634,415',NULL,'At Bedrock Stone & Design, our manufactured stone\'s colors are unsurpassed in the industry. Each stone and brick is literally hand painted piece-by-piece by highly-trained industry leading artisans. We use only the highest quality natural mineral oxides to infuse the surface with rich, authentic tones. When you take a closer look at Eldorado Stone you will see the unmatched depth and variation of colors; hints of rust, mossy greens, russet browns and golden umbers.\r\n\r\nEvery piece of our manufactured stone is cast from a special mold of an actual natural stone. Craftsmen sort through tons of stone, piece by piece, selecting only the rocks that complement each other and have just the right shape, texture, size and detail. Our state of the art mold manufacturing facility is able to capture every textural detail down to the most finite level.','En roca de fondo de piedra y diseo, los colores de nuestra piedra artificial son sin igual en la industria . Cada piedra y ladrillo es, literalmente, pintados a mano pieza por pieza por artesanos lderes en la industria altamente capacitados . Utilizamos slo los xidos minerales naturales de la mejor calidad para infundir la superficie con tonos intensos y autnticos . Cuando se echa un vistazo ms de cerca a Eldorado Piedra ver la profundidad sin igual y una variacin de colores ; toques de xido, verdes musgo , marrones rojizos y dorados umbers .\r\n\r\nCada pieza de nuestra piedra fabricada se echa de un molde especial de una piedra natural real. Artesanos especie a travs de toneladas de piedra , pieza por pieza, seleccionando slo las rocas que se complementan entre s y tienen slo el derecho forma, textura , tamao y detalle . Nuestro estado de la instalacin de arte de fabricacin de moldes es capaz de capturar todos los detalles de textura hasta el nivel ms finito.','Manufactured Stone','Fabricado Piedra','For the occasion when natural stone just won\'t cut it, Bedrock Stone & Design carries a line of manufactured stones that will be sure to fit your design needs.','Para la ocasin, cuando la piedra natural simplemente no se corte, Bedrock Stone & Design lleva una lnea de piedras que sern fabricados seguro para adaptarse a sus necesidades de diseo.','manufactured_stone','manufactured_stone'),(5,'Services','24 hour shipping includes Greater Austin and surrounding cities, San Antonio, Lake Travis, Dripping Springs, Greater Marble Falls, George Town etc. Call to confirm your city. We will usually get it there the same day or within 24 hours!',NULL,'services',500,'contentpage/services_1460036804.53.jpg','14,0,236,167',NULL,'24 hour shipping includes Greater Austin and surrounding cities, San Antonio, Lake Travis, Dripping Springs, Greater Marble Falls, George Town etc. Call to confirm your city. We will usually get it there the same day or within 24 hours!','24 horas de envo incluye metropolitana de Austin y ciudades de los alrededores , San Antonio , el lago Travis , Dripping Springs , Gran Marble Falls, George Town , etc. Llame para confirmar su ciudad. por lo general vamos a llegar all el mismo da o dentro de las 24 horas !','Services','Servicios',NULL,NULL,'services','services'),(6,'Eldorado Products','Believability is at the very core of our company philosophy. For more than 45 years, Eldorado Stone has been refining the art of architectural stone veneer. When you set your eyes on Eldorado Stone, it looks authentic, natural andmost of allbelievable. Take a closer look at Eldorado Stone and youll see the difference: unmatched depth and variation of colors, crisp textural details and one of the most extensive selections of stone profiles & colors in the world','Bedrock Stone carries Eldorado products, the industry leader in manufactured stone.','el_dorado',500,'contentpage/eldorado_products_1488209361.5.jpg','179,14,694,401',4,'Believability is at the very core of our company philosophy. For more than 45 years, Eldorado Stone has been refining the art of architectural stone veneer. When you set your eyes on Eldorado Stone, it looks authentic, natural andmost of allbelievable. Take a closer look at Eldorado Stone and youll see the difference: unmatched depth and variation of colors, crisp textural details and one of the most extensive selections of stone profiles & colors in the world',NULL,'Eldorado Products',NULL,'Bedrock Stone carries Eldorado products, the industry leader in manufactured stone.',NULL,'el_dorado',NULL);
/*!40000 ALTER TABLE `web_contentpage` ENABLE KEYS */;
UNLOCK TABLES;

--
-- Table structure for table `web_galleryitem`
--

DROP TABLE IF EXISTS `web_galleryitem`;
/*!40101 SET @saved_cs_client     = @@character_set_client */;
/*!40101 SET character_set_client = utf8 */;
CREATE TABLE `web_galleryitem` (
  `id` int(11) NOT NULL AUTO_INCREMENT,
  `name` varchar(100) NOT NULL,
  `slug` varchar(100) NOT NULL,
  `sort_order` int(11) NOT NULL,
  `large` varchar(255) NOT NULL,
  `image` varchar(100) NOT NULL,
  `preview` varchar(255) NOT NULL,
  `long_description` longtext,
  `short_description` longtext,
  `long_description_en` longtext,
  `long_description_es` longtext,
  `name_en` varchar(100),
  `name_es` varchar(100),
  `short_description_en` longtext,
  `short_description_es` longtext,
  `slug_en` varchar(100),
  `slug_es` varchar(100),
  PRIMARY KEY (`id`)
) ENGINE=InnoDB AUTO_INCREMENT=18 DEFAULT CHARSET=latin1;
/*!40101 SET character_set_client = @saved_cs_client */;

--
-- Dumping data for table `web_galleryitem`
--

LOCK TABLES `web_galleryitem` WRITE;
/*!40000 ALTER TABLE `web_galleryitem` DISABLE KEYS */;
INSERT INTO `web_galleryitem` VALUES (1,'2','2',2,'0,136,800,511','gallery/IMO101.jpg','133,0,669,536','1',NULL,'1','1','2','1',NULL,NULL,'2',''),(9,'aa','a',500,'0,104,800,480','gallery/1224_Travis_Bluff_67.jpg','40,0,520,481','aa','aa','aa',NULL,'aa',NULL,'aa',NULL,'a',NULL),(10,'a','a',500,'0,86,4288,2098','gallery/BedRock-131.JPG','715,0,3559,2848','a','a','a',NULL,'a',NULL,'a',NULL,'a',NULL),(11,'a','a',500,'0,956,3456,2576','gallery/IMG_1436.JPG','864,0,3456,2592','a','a','a',NULL,'a',NULL,'a',NULL,'a',NULL),(12,'a','a',500,'459,222,4752,2234','gallery/78219_PagodaFountainStones_Environment.jpg','792,0,3960,3168','a','a','a',NULL,'a',NULL,'a',NULL,'a',NULL),(13,'a','a',500,'0,19,800,393','gallery/ESR100_2.jpg','237,0,640,402','a','a','a',NULL,'a',NULL,'a',NULL,'a',NULL),(14,'a','a',500,'0,202,1027,684','gallery/6503.jpg','34,0,993,960','a','a','a',NULL,'a',NULL,'a',NULL,'a',NULL),(15,'a','a',500,'0,128,1600,878','gallery/vista-wallpaper-stone-pattern.jpg','203,0,1403,1200','a','a','a',NULL,'a',NULL,'a',NULL,'a',NULL),(16,'a','a',500,'0,54,2029,1004','gallery/DSCF1317.JPG','764,0,1819,1054','a','a','a',NULL,'a',NULL,'a',NULL,'a',NULL),(17,'a','a',500,'0,157,800,532','gallery/1224_Travis_Bluff_47.jpg','155,93,595,533','a','a','a',NULL,'a',NULL,'a',NULL,'a',NULL);
/*!40000 ALTER TABLE `web_galleryitem` ENABLE KEYS */;
UNLOCK TABLES;

--
-- Table structure for table `web_job`
--

DROP TABLE IF EXISTS `web_job`;
/*!40101 SET @saved_cs_client     = @@character_set_client */;
/*!40101 SET character_set_client = utf8 */;
CREATE TABLE `web_job` (
  `id` int(11) NOT NULL AUTO_INCREMENT,
  `name` varchar(100) NOT NULL,
  `slug` varchar(100) NOT NULL,
  `sort_order` int(11) NOT NULL,
  `is_active` tinyint(1) NOT NULL,
  `long_description` longtext,
  `short_description` longtext,
  `long_description_en` longtext,
  `long_description_es` longtext,
  `name_en` varchar(100),
  `name_es` varchar(100),
  `short_description_en` longtext,
  `short_description_es` longtext,
  `slug_en` varchar(100),
  `slug_es` varchar(100),
  PRIMARY KEY (`id`)
) ENGINE=InnoDB DEFAULT CHARSET=latin1;
/*!40101 SET character_set_client = @saved_cs_client */;

--
-- Dumping data for table `web_job`
--

LOCK TABLES `web_job` WRITE;
/*!40000 ALTER TABLE `web_job` DISABLE KEYS */;
/*!40000 ALTER TABLE `web_job` ENABLE KEYS */;
UNLOCK TABLES;

--
-- Table structure for table `web_location`
--

DROP TABLE IF EXISTS `web_location`;
/*!40101 SET @saved_cs_client     = @@character_set_client */;
/*!40101 SET character_set_client = utf8 */;
CREATE TABLE `web_location` (
  `id` int(11) NOT NULL AUTO_INCREMENT,
  `name` varchar(100) NOT NULL,
  `slug` varchar(100) NOT NULL,
  `sort_order` int(11) NOT NULL,
  `description` longtext,
  `phone_number` varchar(13) DEFAULT NULL,
  `city` varchar(100) NOT NULL,
  `street` varchar(100) NOT NULL,
  `zip` varchar(5) NOT NULL,
  `cropped` varchar(255) NOT NULL,
  `image` varchar(100),
  `long_description` longtext,
  `short_description` longtext,
  `long_description_en` longtext,
  `long_description_es` longtext,
  `name_en` varchar(100),
  `name_es` varchar(100),
  `short_description_en` longtext,
  `short_description_es` longtext,
  `slug_en` varchar(100),
  `slug_es` varchar(100),
  PRIMARY KEY (`id`)
) ENGINE=InnoDB AUTO_INCREMENT=5 DEFAULT CHARSET=latin1;
/*!40101 SET character_set_client = @saved_cs_client */;

--
-- Dumping data for table `web_location`
--

LOCK TABLES `web_location` WRITE;
/*!40000 ALTER TABLE `web_location` DISABLE KEYS */;
INSERT INTO `web_location` VALUES (1,'Rock 1','rock_1',1,NULL,'512-266-8080','Austin','3700 HWY 620 N','78734','0,28,225,197','product/no_image.jpeg','At this location, you\'ll find many beautiful displays using our natural stone products. There is a walking path through oak shade trees that features walls made of natural Oklahoma sandstone, landscaping using natural limestone and sandstone boulders and beautiful patios made of Mexican and Oklahoma Sandstone. Taking a tour of this location is sure to give you many ideas for your project. Come visit us today!','Established in 2003, Rock 1 is one of the longest running rock yards in the Austin, TX area.','At this location, you\'ll find many beautiful displays using our natural stone products. There is a walking path through oak shade trees that features walls made of natural Oklahoma sandstone, landscaping using natural limestone and sandstone boulders and beautiful patios made of Mexican and Oklahoma Sandstone. Taking a tour of this location is sure to give you many ideas for your project. Come visit us today!','En este lugar , encontrar muchas hermosas muestras usando nuestros productos de piedra natural . Hay un camino que recorre a travs de los rboles de sombra de roble que cuenta con paredes hechas de piedra arenisca natural de Oklahoma , el paisajismo con piedra caliza natural y cantos rodados de arenisca y bellos patios hechos de piedra arenisca de Mxico y Oklahoma . Hacer un recorrido de este lugar es seguro que le dar muchas ideas para su proyecto . Vistenos hoy!','Rock 1','Roca 1','Established in 2003, Rock 1 is one of the longest running rock yards in the Austin, TX area.','Establecido en 2003 , Roca 1 es uno de los astilleros ms largos de roca en ejecucin en el rea de Austin , TX .','rock_1',''),(2,'Rock 2','rock_2',2,NULL,'512-288-0505','Austin','9401 HWY 290 West','78736','0,28,225,197','product/no_image.jpeg','In addition it has a tumbler on site to allow you to select your own stone and have it tumbled, adding character to your design.  It also boasts a large assortment of masonry tools to make your project just a bit easier. Check out our Rock II location, you\'ll be glad you did','Located conveniently on Highway 290 in Austin, TX, Bedrock Stone & Design II has the amazing selection of natural stone products you expect from Bedrock Stone & Design.','In addition it has a tumbler on site to allow you to select your own stone and have it tumbled, adding character to your design.  It also boasts a large assortment of masonry tools to make your project just a bit easier. Check out our Rock II location, you\'ll be glad you did','Adems dispone de un vaso en el sitio que le permite seleccionar su propia piedra y hacer que se desplom , aadiendo carcter a su diseo. Adems, cuenta con una gran variedad de herramientas de albailera para hacer su proyecto un poco ms fcil. Visita nuestra ubicacin Roca II , se le alegra que usted lo hizo','Rock 2','Roca 2','Located conveniently on Highway 290 in Austin, TX, Bedrock Stone & Design II has the amazing selection of natural stone products you expect from Bedrock Stone & Design.','Situado convenientemente en la autopista 290 en Austin , TX , Bedrock Stone & Design II tiene la increble seleccin de productos de piedra natural se pueden esperar de Bedrock Stone & Design.','rock_2',''),(3,'Rock 3','rock_3',3,NULL,'512-263-2288','Bee Cave','13652 Hwy 71 West','78738','0,28,225,197','product/no_image.jpeg','Located conveniently on 71 in Bee Caves, Texas, Bedrock Stone and Design III has a huge selection of natural patio stone and natural chopped stone as well as a large selection of aggregate products. If you\'re in the Spicewood, Texas are or Lakeway area, this location is convenient for you and offers the product line you\'ve come to expect from Bedrock Stone & Design.','Bedrock Stone & Design III is our Highway 71 location.','Located conveniently on 71 in Bee Caves, Texas, Bedrock Stone and Design III has a huge selection of natural patio stone and natural chopped stone as well as a large selection of aggregate products. If you\'re in the Spicewood, Texas are or Lakeway area, this location is convenient for you and offers the product line you\'ve come to expect from Bedrock Stone & Design.','Ubicado convenientemente en 71 en Bee Cuevas , Texas, Bedrock Stone y Diseo III tiene una gran seleccin de patio de piedra natural y piedra natural picada , as como una gran seleccin de productos agregados . Si ests en la Spicewood , Texas son o rea Lakeway , esta ubicacin es conveniente para usted y ofrece la lnea de productos que ha llegado a esperar de Bedrock Stone & Design.','Rock 3','Roca 3','Bedrock Stone & Design III is our Highway 71 location.','Lecho de roca de piedra y Diseo III es nuestra ubicacin autopista 71 .','rock_3','rock_3'),(4,'Rock 4','rock_4',4,NULL,'512-266-4500','Austin','2209 HWY 620 N','78734','0,28,225,197','product/no_image.jpeg','Our Rock IV location in Austin, Tex features the same line of natural stone products you\'ve come to expect from Bedrock Stone & Design but also a line of specialty stone products that are sure to liven up your project. Come check us out!','Bedrock Stone & Design IV is our newest location in Austin, TX.','Our Rock IV location in Austin, Tex features the same line of natural stone products you\'ve come to expect from Bedrock Stone & Design but also a line of specialty stone products that are sure to liven up your project. Come check us out!','Nuestra ubicacin de la roca IV en Austin , Tex cuenta con la misma lnea de productos de piedra natural que ha llegado a esperar de roca de fondo de piedra y diseo sino tambin una lnea de productos de piedra de la especialidad que son seguros para darle vida a su proyecto. Ven a visitarnos!','Rock 4','Roca 4','Bedrock Stone & Design IV is our newest location in Austin, TX.','Lecho de roca de piedra y Diseo IV es nuestra nueva ubicacin en Austin , TX .','rock_4','rock_4');
/*!40000 ALTER TABLE `web_location` ENABLE KEYS */;
UNLOCK TABLES;

--
-- Table structure for table `web_locationpicture`
--

DROP TABLE IF EXISTS `web_locationpicture`;
/*!40101 SET @saved_cs_client     = @@character_set_client */;
/*!40101 SET character_set_client = utf8 */;
CREATE TABLE `web_locationpicture` (
  `id` int(11) NOT NULL AUTO_INCREMENT,
  `image` varchar(100) NOT NULL,
  `cropped` varchar(255) NOT NULL,
  `location_id` int(11) NOT NULL,
  PRIMARY KEY (`id`),
  KEY `web_locationpicture_location_id_3c9417f8_fk_web_location_id` (`location_id`),
  CONSTRAINT `web_locationpicture_location_id_3c9417f8_fk_web_location_id` FOREIGN KEY (`location_id`) REFERENCES `web_location` (`id`)
) ENGINE=InnoDB AUTO_INCREMENT=16 DEFAULT CHARSET=latin1;
/*!40101 SET character_set_client = @saved_cs_client */;

--
-- Dumping data for table `web_locationpicture`
--

LOCK TABLES `web_locationpicture` WRITE;
/*!40000 ALTER TABLE `web_locationpicture` DISABLE KEYS */;
INSERT INTO `web_locationpicture` VALUES (1,'locationpicture/rock_1_1460037770.14.JPG','0,0,3264,2448',1),(2,'locationpicture/rock_1_1460037801.94.JPG','0,0,3264,2448',1),(3,'locationpicture/rock_1_1460037835.45.JPG','0,0,3264,2448',1),(4,'locationpicture/rock_2_1460048121.3.JPG','0,0,3264,2448',2),(5,'locationpicture/rock_2_1460048141.64.JPG','0,0,3264,2448',2),(6,'locationpicture/rock_2_1460048169.08.JPG','0,0,3264,2448',2),(7,'locationpicture/rock_2_1460048189.06.JPG','0,0,3264,2448',2),(8,'locationpicture/rock_2_1460048213.09.JPG','0,0,3264,2448',2),(9,'locationpicture/rock_3_1460048242.15.JPG','0,0,3264,2448',3),(10,'locationpicture/rock_3_1460048260.24.JPG','0,0,3264,2448',3),(11,'locationpicture/rock_3_1460048278.13.JPG','0,0,3264,2448',3),(12,'locationpicture/rock_3_1460048296.06.JPG','0,0,3264,2448',3),(13,'locationpicture/rock_4_1460048320.41.JPG','0,0,3264,2448',4),(14,'locationpicture/rock_4_1460048337.17.JPG','0,0,3264,2448',4),(15,'locationpicture/rock_4_1460048356.2.JPG','0,0,3264,2448',4);
/*!40000 ALTER TABLE `web_locationpicture` ENABLE KEYS */;
UNLOCK TABLES;

--
-- Table structure for table `web_menuitem`
--

DROP TABLE IF EXISTS `web_menuitem`;
/*!40101 SET @saved_cs_client     = @@character_set_client */;
/*!40101 SET character_set_client = utf8 */;
CREATE TABLE `web_menuitem` (
  `id` int(11) NOT NULL AUTO_INCREMENT,
  `name` varchar(100) NOT NULL,
  `long_description` longtext,
  `short_description` longtext,
  `slug` varchar(100) NOT NULL,
  `sort_order` int(11) NOT NULL,
  `parent_id` int(11) DEFAULT NULL,
  `long_description_en` longtext,
  `long_description_es` longtext,
  `name_en` varchar(100),
  `name_es` varchar(100),
  `short_description_en` longtext,
  `short_description_es` longtext,
  `slug_en` varchar(100),
  `slug_es` varchar(100),
  PRIMARY KEY (`id`),
  KEY `web_menuitem_parent_id_808e6f11_uniq` (`parent_id`),
  CONSTRAINT `web_menuitem_parent_id_808e6f11_fk_web_menuitem_id` FOREIGN KEY (`parent_id`) REFERENCES `web_menuitem` (`id`)
) ENGINE=InnoDB AUTO_INCREMENT=7 DEFAULT CHARSET=latin1;
/*!40101 SET character_set_client = @saved_cs_client */;

--
-- Dumping data for table `web_menuitem`
--

LOCK TABLES `web_menuitem` WRITE;
/*!40000 ALTER TABLE `web_menuitem` DISABLE KEYS */;
INSERT INTO `web_menuitem` VALUES (1,'Home',NULL,NULL,'/',1,NULL,NULL,NULL,'Home','Casa',NULL,NULL,'/','/'),(2,'Products',NULL,'View our products','/products/',2,NULL,NULL,NULL,'Products','Productos','View our products','ver productos','/products/',''),(3,'Showcase',NULL,NULL,'/showcase/',3,NULL,NULL,NULL,'Showcase','Escaparate',NULL,NULL,'/showcase/','/showcase/'),(4,'Jobs',NULL,NULL,'/jobs/',4,NULL,NULL,NULL,'Jobs','Trabajos',NULL,NULL,'/jobs/','/jobs/'),(5,'Contact',NULL,NULL,'/contact/',99,NULL,NULL,NULL,'Contact','Contacto',NULL,NULL,'/contact/','/contact/'),(6,'About Us',NULL,NULL,'/about/',5,NULL,NULL,NULL,'About Us','Sobre nosotros',NULL,NULL,'/about/','/about/');
/*!40000 ALTER TABLE `web_menuitem` ENABLE KEYS */;
UNLOCK TABLES;

--
-- Table structure for table `web_product`
--

DROP TABLE IF EXISTS `web_product`;
/*!40101 SET @saved_cs_client     = @@character_set_client */;
/*!40101 SET character_set_client = utf8 */;
CREATE TABLE `web_product` (
  `id` int(11) NOT NULL AUTO_INCREMENT,
  `name` varchar(100) NOT NULL,
  `slug` varchar(100) NOT NULL,
  `sort_order` int(11) NOT NULL,
  `category_id` int(11) NOT NULL,
  `image` varchar(100),
  `cropped` varchar(255) NOT NULL,
  `long_description` longtext,
  `short_description` longtext,
  `long_description_en` longtext,
  `long_description_es` longtext,
  `name_en` varchar(100),
  `name_es` varchar(100),
  `short_description_en` longtext,
  `short_description_es` longtext,
  `slug_en` varchar(100),
  `slug_es` varchar(100),
  PRIMARY KEY (`id`),
  KEY `web_product_category_id_45570ba5_fk_web_category_id` (`category_id`),
  CONSTRAINT `web_product_category_id_45570ba5_fk_web_category_id` FOREIGN KEY (`category_id`) REFERENCES `web_category` (`id`)
) ENGINE=InnoDB AUTO_INCREMENT=134 DEFAULT CHARSET=latin1;
/*!40101 SET character_set_client = @saved_cs_client */;

--
-- Dumping data for table `web_product`
--

LOCK TABLES `web_product` WRITE;
/*!40000 ALTER TABLE `web_product` DISABLE KEYS */;
INSERT INTO `web_product` VALUES (1,'Buff Peach','',110,3,'product/buff_peach_1460040355.02.jpg','0,0,640,480',NULL,NULL,NULL,NULL,'Buff Peach','Buff melocotn',NULL,NULL,NULL,NULL),(2,'Decomposed Granite','',500,1,'product/decomposed_granite_1460040405.7.jpg','0,0,400,300',NULL,NULL,NULL,NULL,'Decomposed Granite','Granito Descompuesto',NULL,NULL,NULL,NULL),(3,'Fossil Blend','',500,7,'product/fossil_blend_1460040557.69.JPG','0,0,400,300',NULL,NULL,NULL,NULL,'Fossil Blend','Mezcla fsiles',NULL,NULL,NULL,NULL),(4,'Drystack','',500,5,'product/white_limestone_1460040650.23.jpg','0,0,3456,2592',NULL,NULL,NULL,NULL,'Drystack','Caliza Blanca',NULL,NULL,NULL,NULL),(6,'Tx Moss Rock','',1,6,'product/tx_moss_rock_1460040829.4.jpg','0,0,400,300',NULL,NULL,NULL,NULL,'Tx Moss Rock','Tx Musgo Roca',NULL,NULL,NULL,NULL),(7,'Limestone Chop','',500,5,'product/limestone_chop_1488297871.93.jpg','23,0,3456,2575',NULL,NULL,NULL,NULL,'Limestone Chop','Choco Oro Tambo',NULL,NULL,NULL,NULL),(8,'Ocean Mist','',120,3,'product/ocean_mist_1460041218.53.jpg','0,0,640,480',NULL,NULL,NULL,NULL,'Ocean Mist','Niebla do Oceano',NULL,NULL,NULL,NULL),(9,'Black Bassalt','',500,1,'product/black_bassalt_1460041295.11.jpg','0,0,400,300',NULL,NULL,NULL,NULL,'Black Bassalt','Negro Bassalt',NULL,NULL,NULL,NULL),(10,'Lueders Blend','',500,5,'product/lueders_blend_1460041376.67.jpg','0,0,400,300',NULL,NULL,NULL,NULL,'Lueders Blend','Mezcla Lueders',NULL,NULL,NULL,NULL),(11,'Limestone','',2,6,'product/limestone_1460041410.8.jpg','0,0,400,300',NULL,NULL,NULL,NULL,'Limestone','Caliza',NULL,NULL,NULL,NULL),(12,'Cambridge','',1,2,'product/cambridge_1460041475.14.jpg','0,0,400,300',NULL,NULL,NULL,NULL,'Cambridge','Cambridge',NULL,NULL,NULL,NULL),(13,'Sandstone Mix','',500,5,'product/sandstone_mix_1460041533.89.jpg','0,0,400,300',NULL,NULL,NULL,NULL,'Sandstone Mix','Mezcla Arenisca',NULL,NULL,NULL,NULL),(14,'Hill Country','',500,1,'product/hill_country_1460041603.1.jpg','0,0,400,300',NULL,NULL,NULL,NULL,'Hill Country','Colina Pas',NULL,NULL,NULL,NULL),(15,'Granite','',3,6,'product/granite_1460041682.78.jpg','0,0,400,300',NULL,NULL,NULL,NULL,'Granite','Granito',NULL,NULL,NULL,NULL),(16,'Old World','',2,2,'product/old_world_1460041748.25.jpg','0,0,400,300',NULL,NULL,NULL,NULL,'Old World','Viejo Mundo',NULL,NULL,NULL,NULL),(17,'Choc Gold Blue','',500,5,'product/choc_gold_blue_1460041834.69.jpg','0,0,400,300',NULL,NULL,NULL,NULL,'Choc Gold Blue','Choco Oro Azuel',NULL,NULL,NULL,NULL),(18,'Chocolate','',130,3,'product/choc_gold_1460041929.61.jpg','0,0,640,480',NULL,NULL,NULL,NULL,'Chocolate','Choco Oro',NULL,NULL,NULL,NULL),(19,'Washed Rock','',500,1,'product/washed_rock_1460042023.41.jpg','0,0,400,300',NULL,NULL,NULL,NULL,'Washed Rock','Roca Lavado',NULL,NULL,NULL,NULL),(20,'Buff Peach','',500,7,'product/buffed_peach_1460042130.24.JPG','0,0,400,300',NULL,NULL,NULL,NULL,'Buff Peach','Melocotn Pulimentado',NULL,NULL,NULL,NULL),(21,'Penn. Lilac','',4,6,'product/penn._lilac_1460042184.03.jpg','0,0,400,300',NULL,NULL,NULL,NULL,'Penn. Lilac','Lila Penn.',NULL,NULL,NULL,NULL),(22,'OK River Caramel','',5,6,'product/ok._river_carmel_1460042312.15.jpg','0,0,400,300',NULL,NULL,NULL,NULL,'OK River Caramel','Ro Ro',NULL,NULL,NULL,NULL),(23,'Texas Mix','',500,5,'product/texas_mix_1488298396.36.jpg','0,0,640,480',NULL,NULL,NULL,NULL,'Texas Mix','Lueders Roughback',NULL,NULL,NULL,NULL),(24,'Santa Clara','',210,3,'product/santa_clara_1460042391.8.jpg','0,0,400,300',NULL,NULL,NULL,NULL,'Santa Clara','Santa Clara',NULL,NULL,NULL,NULL),(25,'Pea Gravel','',500,1,'product/pea_gravel_1460042455.22.jpg','0,0,400,300',NULL,NULL,NULL,NULL,'Pea Gravel','Grava Guisante',NULL,NULL,NULL,NULL),(27,'Fairland Pink','',500,1,'product/fairland_pink_1460042563.72.jpg','0,0,400,300',NULL,NULL,NULL,NULL,'Fairland Pink','Fairland Rosado',NULL,NULL,NULL,NULL),(28,'Lueders Chocolate','',540,3,'product/leuders_choc_slabs_1460042659.46.jpg','0,0,400,300',NULL,NULL,NULL,NULL,'Lueders Chocolate','Choco Losas',NULL,NULL,NULL,NULL),(29,'Choc Gold','',500,5,'product/choc_gold_1460042702.05.jpg','0,0,400,300',NULL,NULL,NULL,NULL,'Choc Gold','Choco Oro',NULL,NULL,NULL,NULL),(30,'Az River Rock','',500,1,'product/az_river_rock_1460042755.1.jpg','0,0,400,300',NULL,NULL,NULL,NULL,'Az River Rock','Roca Ro AZ',NULL,NULL,NULL,NULL),(31,'Mex Beach Pebbles (Red)','',500,1,'product/mex_beach_pebbles_1460042879.48.jpg','0,0,400,300',NULL,NULL,NULL,NULL,'Mex Beach Pebbles (Red)','Guijarros Playa de Mxico',NULL,NULL,NULL,NULL),(32,'Creme Sawn','',520,3,'product/creme_sawn_1460043853.61.JPG','0,0,400,300',NULL,NULL,NULL,NULL,'Creme Sawn','Crema aserrada',NULL,NULL,NULL,NULL),(33,'AZ Sunset','',410,3,'product/az_sunset_1488905864.46.jpg','0,107,480,467',NULL,NULL,NULL,NULL,'AZ Sunset','Puesto del Sol',NULL,NULL,NULL,NULL),(35,'Mexican','',330,3,'product/black_mexican_1460044164.12.jpg','0,0,400,300',NULL,NULL,NULL,NULL,'Mexican','Mexicano Negro',NULL,NULL,NULL,NULL),(36,'Lueders Fossil','',600,3,'product/lueders_fossil_slabs_1460044266.15.jpg','0,0,400,300',NULL,NULL,NULL,NULL,'Lueders Fossil','Losas fsiles Lueders',NULL,NULL,NULL,NULL),(37,'Okie Ledge','',500,5,'product/okie_ledge_1488298977.01.jpg','0,0,3456,2592',NULL,NULL,NULL,NULL,'Okie Ledge','Repisa Okie',NULL,NULL,NULL,NULL),(38,'OK Sandstone','',6,6,'product/ok_sandstone_1460044447.68.jpg','0,0,3456,2592',NULL,NULL,NULL,NULL,'OK Sandstone','Arenisca OK',NULL,NULL,NULL,NULL),(39,'Cafe','',220,3,'product/cafe_1460044486.83.JPG','0,0,778,584',NULL,NULL,NULL,NULL,'Cafe','Cafe',NULL,NULL,NULL,NULL),(40,'Classic Oak','',330,3,'product/classic_oak_1460044537.05.jpg','83,66,555,420',NULL,NULL,NULL,NULL,'Classic Oak','Clsico Roble',NULL,NULL,NULL,NULL),(41,'Ok Sunset','',230,3,'product/ok_sunset_1460044585.77.jpg','0,0,640,480',NULL,NULL,NULL,NULL,'Ok Sunset','Puesta de Sol OK',NULL,NULL,NULL,NULL),(42,'Tumbled','',500,5,'product/tumbled_1488297247.02.jpg','0,0,3456,2592',NULL,NULL,NULL,NULL,'Tumbled','Mezcla Tambor',NULL,NULL,NULL,NULL),(43,'Manhatta','',1,8,'product/manhatta_1487961064.48.jpg','0,133,1536,1285',NULL,NULL,NULL,NULL,'Manhatta',NULL,NULL,NULL,NULL,NULL),(44,'Jensen Oval','',2,8,'product/medici_ellipse_1487961170.35.jpg','0,45,4545,3456',NULL,NULL,NULL,NULL,'Jensen Oval',NULL,NULL,NULL,NULL,NULL),(45,'Ying Yang Pot','',3,8,'product/ying_yang_pot_1487961262.55.jpg','0,378,2910,2561',NULL,NULL,NULL,NULL,'Ying Yang Pot',NULL,NULL,NULL,NULL,NULL),(46,'Recife','',6,8,'product/recife_1487961348.03.jpg','102,0,1702,1200',NULL,NULL,NULL,NULL,'Recife',NULL,NULL,NULL,NULL,NULL),(47,'Palazzo','',7,8,'product/palazzo_1487961435.48.jpg','0,186,960,905',NULL,NULL,NULL,NULL,'Palazzo',NULL,NULL,NULL,NULL,NULL),(48,'Triad','',8,8,'product/triad_1487961495.85.jpg','0,68,960,790',NULL,NULL,NULL,NULL,'Triad',NULL,NULL,NULL,NULL,NULL),(49,'Portween','',9,8,'product/portween_1487961585.88.jpg','0,299,908,980',NULL,NULL,NULL,NULL,'Portween',NULL,NULL,NULL,NULL,NULL),(50,'Condotti Obelisk','',10,8,'product/condotti_obelisk_1487961733.13.jpg','0,131,960,850',NULL,NULL,NULL,NULL,'Condotti Obelisk',NULL,NULL,NULL,NULL,NULL),(51,'Medici Ellipse','',11,8,'product/medici_ellipse_1487961768.23.jpg','0,222,960,942',NULL,NULL,NULL,NULL,'Medici Ellipse',NULL,NULL,NULL,NULL,NULL),(52,'Andra','',12,8,'product/andra_1487961835.34.jpg','0,188,960,907',NULL,NULL,NULL,NULL,'Andra',NULL,NULL,NULL,NULL,NULL),(53,'Adirondack','',13,8,'product/adirondack_1487961929.5.jpg','0,1040,3744,3844',NULL,NULL,NULL,NULL,'Adirondack',NULL,NULL,NULL,NULL,NULL),(54,'Paradise','',14,8,'product/paradise_1487962058.77.jpg','0,354,4434,3675',NULL,NULL,NULL,NULL,'Paradise',NULL,NULL,NULL,NULL,NULL),(55,'Williamsburg Chiswell','',50,8,'product/williamsburg_chiswell_1487962091.79.jpg','0,42,960,762',NULL,NULL,NULL,NULL,'Williamsburg Chiswell',NULL,NULL,NULL,NULL,NULL),(56,'Longwood Arabesque','',51,8,'product/longwood_arabesque_1487962143.2.jpg','0,168,960,890',NULL,NULL,NULL,NULL,'Longwood Arabesque',NULL,NULL,NULL,NULL,NULL),(57,'Acorn','',9,8,'product/acorn_1487963642.95.jpg','0,159,1367,1186',NULL,NULL,NULL,NULL,'Acorn',NULL,NULL,NULL,NULL,NULL),(58,'Rittenhouse','',10,8,'product/rittenhouse_1487964837.25.jpg','0,350,2631,2320',NULL,NULL,NULL,NULL,'Rittenhouse',NULL,NULL,NULL,NULL,NULL),(59,'Cave Rock','',500,5,'product/cave_rock_1488298487.67.jpg','0,0,640,480',NULL,NULL,NULL,NULL,'Cave Rock',NULL,NULL,NULL,NULL,NULL),(60,'Yellow Chop','',500,5,'product/yellow_chop_1488298608.7.jpg','0,0,640,480',NULL,NULL,NULL,NULL,'Yellow Chop',NULL,NULL,NULL,NULL,NULL),(61,'Creme Chop','',500,5,'product/creme_chop_1488298700.37.jpg','0,0,640,480',NULL,NULL,NULL,NULL,'Creme Chop',NULL,NULL,NULL,NULL,NULL),(62,'Tumbled Blue','',500,5,'product/tumbled_blue_1488298796.98.jpg','0,0,640,480',NULL,NULL,NULL,NULL,'Tumbled Blue',NULL,NULL,NULL,NULL,NULL),(63,'Buff Peach','',500,5,'product/buff_peach_1488299175.94.jpg','0,0,640,480',NULL,NULL,NULL,NULL,'Buff Peach',NULL,NULL,NULL,NULL,NULL),(64,'Bone Chop','',500,5,'product/bone_chop_1488299283.47.jpg','0,0,640,480',NULL,NULL,NULL,NULL,'Bone Chop',NULL,NULL,NULL,NULL,NULL),(65,'Driftwood','',500,5,'product/driftwood_1488299429.05.jpg','0,0,3456,2592',NULL,NULL,NULL,NULL,'Driftwood',NULL,NULL,NULL,NULL,NULL),(66,'Santa Fe Sunset','',240,3,'product/santa_fe_sunset_1488300641.72.JPG','0,0,640,480',NULL,NULL,NULL,NULL,'Santa Fe Sunset',NULL,NULL,NULL,NULL,NULL),(67,'Lueders Buff','',500,7,'product/lueders_buff_1488303967.8.jpg','0,66,480,426',NULL,NULL,NULL,NULL,'Lueders Buff',NULL,NULL,NULL,NULL,NULL),(68,'Copper Mountain','',500,7,'product/copper_mountain_1488303106.58.jpg','0,117,480,477',NULL,NULL,NULL,NULL,'Copper Mountain',NULL,NULL,NULL,NULL,NULL),(69,'Blue Weathered','',500,7,'product/blue_weathered_1488303210.1.jpg','73,53,640,479',NULL,NULL,NULL,NULL,'Blue Weathered',NULL,NULL,NULL,NULL,NULL),(70,'Golden Creme','',500,7,'product/golden_creme_1488303327.82.JPG','243,0,4035,2848',NULL,NULL,NULL,NULL,'Golden Creme',NULL,NULL,NULL,NULL,NULL),(71,'Ok Chocolate','',500,7,'product/ok_chocolate_1488303718.81.jpg','0,0,640,480',NULL,NULL,NULL,NULL,'Ok Chocolate',NULL,NULL,NULL,NULL,NULL),(72,'Arizona Rose','',500,7,'product/arizona_rose_1488303564.14.jpg','0,0,3456,2592',NULL,NULL,NULL,NULL,'Arizona Rose',NULL,NULL,NULL,NULL,NULL),(73,'Belgard Circle','',4,2,'product/belgard_circle_1488393536.88.JPG','0,157,2848,2291',NULL,NULL,NULL,NULL,'Belgard Circle',NULL,NULL,NULL,NULL,NULL),(74,'Limestone','',3,2,'product/limestone_1488393589.55.jpg','0,0,3456,2592',NULL,NULL,NULL,NULL,'Limestone',NULL,NULL,NULL,NULL,NULL),(75,'Special Design','',5,2,'product/special_design_1488393628.64.jpg','0,0,3456,2592',NULL,NULL,NULL,NULL,'Special Design',NULL,NULL,NULL,NULL,NULL),(76,'Special Design','',6,2,'product/special_design_1488393668.1.jpg','0,0,3456,2592',NULL,NULL,NULL,NULL,'Special Design',NULL,NULL,NULL,NULL,NULL),(77,'Oklahoma','',7,2,'product/oklahoma_1488393713.0.jpg','0,0,3456,2592',NULL,NULL,NULL,NULL,'Oklahoma',NULL,NULL,NULL,NULL,NULL),(78,'Belgard','',8,2,'product/belgard_1488393788.17.jpg','0,0,3456,2592',NULL,NULL,NULL,NULL,'Belgard',NULL,NULL,NULL,NULL,NULL),(79,'Hardscape','',7,6,'product/hardscape_1488466871.02.jpg','0,0,640,480',NULL,NULL,NULL,NULL,'Hardscape',NULL,NULL,NULL,NULL,NULL),(80,'Texas Moss','',8,6,'product/texas_moss_1488466897.31.jpg','0,0,640,480',NULL,NULL,NULL,NULL,'Texas Moss',NULL,NULL,NULL,NULL,NULL),(81,'Ok Border','',9,6,'product/ok_border_1488466942.96.jpg','0,0,640,480',NULL,NULL,NULL,NULL,'Ok Border',NULL,NULL,NULL,NULL,NULL),(83,'Caramel','',11,6,'product/carmel_1488467033.03.JPG','243,0,4035,2848',NULL,NULL,NULL,NULL,'Caramel',NULL,NULL,NULL,NULL,NULL),(84,'Beams','',12,6,'product/beams_1488467125.6.jpg','0,0,3456,2592',NULL,NULL,NULL,NULL,'Beams',NULL,NULL,NULL,NULL,NULL),(85,'Beams','',13,6,'product/beams_1488467166.94.jpg','0,0,3456,2592',NULL,NULL,NULL,NULL,'Beams',NULL,NULL,NULL,NULL,NULL),(86,'Dino','',100,6,'product/dino_1488467209.85.jpg','0,760,2592,2704',NULL,NULL,NULL,NULL,'Dino',NULL,NULL,NULL,NULL,NULL),(87,'Caramel','',15,6,'product/caramel_1488467294.74.jpg','0,0,640,480',NULL,NULL,NULL,NULL,'Caramel',NULL,NULL,NULL,NULL,NULL),(88,'Planter','',16,6,'product/planter_1488467359.58.jpg','0,0,3456,2592',NULL,NULL,NULL,NULL,'Planter',NULL,NULL,NULL,NULL,NULL),(89,'Texas Moss','',17,6,'product/texas_moss_1488467445.76.jpg','0,0,3456,2592',NULL,NULL,NULL,NULL,'Texas Moss',NULL,NULL,NULL,NULL,NULL),(90,'Honeycomb','',18,6,'product/honeycomb_1488467500.69.jpg','0,0,3456,2592',NULL,NULL,NULL,NULL,'Honeycomb',NULL,NULL,NULL,NULL,NULL),(91,'Waterfall','',19,6,'product/waterfall_1488467543.46.jpg','0,0,640,480',NULL,NULL,NULL,NULL,'Waterfall',NULL,NULL,NULL,NULL,NULL),(92,'Texas Moss','',20,6,'product/texas_moss_1488467610.79.JPG','0,0,3456,2592',NULL,NULL,NULL,NULL,'Texas Moss',NULL,NULL,NULL,NULL,NULL),(93,'Amphora','',16,8,'product/amphora_1488470855.74.jpg','0,236,2048,1772',NULL,NULL,NULL,NULL,'Amphora',NULL,NULL,NULL,NULL,NULL),(94,'Mini Slate','',17,8,'product/mini_slate_1488470933.1.jpg','0,304,2336,2056',NULL,NULL,NULL,NULL,'Mini Slate',NULL,NULL,NULL,NULL,NULL),(95,'Mongolian Bassalt','',18,8,'product/mongolian_bassalt_1488471036.01.jpg','0,865,1696,2137',NULL,NULL,NULL,NULL,'Mongolian Bassalt',NULL,NULL,NULL,NULL,NULL),(96,'Mongolian Bassalt','',19,8,'product/mongolian_bassalt_1488471134.24.jpg','0,63,600,513',NULL,NULL,NULL,NULL,'Mongolian Bassalt',NULL,NULL,NULL,NULL,NULL),(97,'Polished Ornament','',20,8,'product/polished_ornament_1488471216.57.jpg','0,0,2660,2000',NULL,NULL,NULL,NULL,'Polished Ornament',NULL,NULL,NULL,NULL,NULL),(98,'Leaning Vase','',21,8,'product/leaning_vase_1488471290.62.jpg','0,635,2048,2171',NULL,NULL,NULL,NULL,'Leaning Vase',NULL,NULL,NULL,NULL,NULL),(99,'Small Slate','',22,8,'product/small_slate_1488471353.89.jpg','0,84,1200,984',NULL,NULL,NULL,NULL,'Small Slate',NULL,NULL,NULL,NULL,NULL),(100,'Cement','',110,4,'product/cement_1488814752.02.jpg','30,12,259,183',NULL,NULL,NULL,NULL,'Cement',NULL,NULL,NULL,NULL,NULL),(101,'Fire Clay','',120,4,'product/fire_clay_1488814752.14.jpg','0,0,300,225',NULL,NULL,NULL,NULL,'Fire Clay',NULL,NULL,NULL,NULL,NULL),(102,'Fire Brick','',130,4,'product/fire_brick_1488814752.18.jpg','12,2,247,177',NULL,NULL,NULL,NULL,'Fire Brick',NULL,NULL,NULL,NULL,NULL),(103,'Sealers','',140,4,'product/sealers_1488814752.22.jpg','0,99,450,437',NULL,NULL,NULL,NULL,'Sealers',NULL,NULL,NULL,NULL,NULL),(104,'Tex Clean','',210,4,'product/tex_clean_1488814861.42.jpg','209,0,488,209',NULL,NULL,NULL,NULL,'Tex Clean',NULL,NULL,NULL,NULL,NULL),(105,'Trowels','',220,4,'product/trowels_1488814752.26.jpg','157,0,800,482',NULL,NULL,NULL,NULL,'Trowels',NULL,NULL,NULL,NULL,NULL),(106,'Top Soil','',1,9,'product/no_image.jpeg','0,28,225,197',NULL,NULL,NULL,NULL,'Top Soil',NULL,NULL,NULL,NULL,NULL),(107,'Sandy Loam','',2,9,'product/no_image.jpeg','0,28,225,197',NULL,NULL,NULL,NULL,'Sandy Loam',NULL,NULL,NULL,NULL,NULL),(108,'4-Way Soil','',3,9,'product/no_image.jpeg','0,28,225,197',NULL,NULL,NULL,NULL,'4-Way Soil',NULL,NULL,NULL,NULL,NULL),(109,'Hardwood Mulch','',4,9,'product/no_image.jpeg','0,28,225,197',NULL,NULL,NULL,NULL,'Hardwood Mulch',NULL,NULL,NULL,NULL,NULL),(110,'Masonry Sand','',5,9,'product/no_image.jpeg','0,28,225,197',NULL,NULL,NULL,NULL,'Masonry Sand',NULL,NULL,NULL,NULL,NULL),(111,'Concrete Sand','',6,9,'product/no_image.jpeg','0,28,225,197',NULL,NULL,NULL,NULL,'Concrete Sand',NULL,NULL,NULL,NULL,NULL),(112,'White Sand','',7,9,'product/no_image.jpeg','0,28,225,197',NULL,NULL,NULL,NULL,'White Sand',NULL,NULL,NULL,NULL,NULL),(113,'Fill Sand','',8,9,'product/no_image.jpeg','0,28,225,197',NULL,NULL,NULL,NULL,'Fill Sand',NULL,NULL,NULL,NULL,NULL),(114,'Metal Edging','',110,12,'product/metal_edging_1488810294.32.JPG','79,16,2028,1484',NULL,NULL,NULL,NULL,'Metal Edging',NULL,NULL,NULL,NULL,NULL),(115,'Borders & Edging','',120,12,'product/borders__edging_1488811326.55.jpg','46,1083,2569,2975',NULL,NULL,NULL,NULL,'Borders & Edging',NULL,NULL,NULL,NULL,NULL),(116,'Tools & Equipment','',130,12,'product/tools__equipmet_1488810294.44.jpg','5,4,282,212',NULL,NULL,NULL,NULL,'Tools & Equipment',NULL,NULL,NULL,NULL,NULL),(117,'Fabric','',100,12,'product/fabric_1488813093.49.JPG','299,208,924,677',NULL,NULL,NULL,NULL,'Fabric',NULL,NULL,NULL,NULL,NULL),(118,'Adhesives / Bonding','',140,12,'product/adhesives_/_bonding_1488811442.5.jpg','89,0,376,216',NULL,NULL,NULL,NULL,'Adhesives / Bonding',NULL,NULL,NULL,NULL,NULL),(119,'C.M.U','',200,12,'product/c.m.u_1488810471.1.jpg','1,0,255,190',NULL,NULL,NULL,NULL,'C.M.U',NULL,NULL,NULL,NULL,NULL),(120,'Adress Blocks','',220,12,'product/no_image.jpeg','0,28,225,197',NULL,NULL,NULL,NULL,'Adress Blocks',NULL,NULL,NULL,NULL,NULL),(121,'Keystone','',500,12,'product/keystone_1488810508.47.jpg','0,96,152,210',NULL,NULL,NULL,NULL,'Keystone',NULL,NULL,NULL,NULL,NULL),(122,'Metal Products','',210,12,'product/metal_products_1488811535.22.jpg','3,0,363,270',NULL,NULL,NULL,NULL,'Metal Products',NULL,NULL,NULL,NULL,NULL),(123,'Ox Blades','',230,4,'product/ox_blades_1488814752.33.jpg','0,168,1201,1069',NULL,NULL,NULL,NULL,'Ox Blades',NULL,NULL,NULL,NULL,NULL),(124,'Hand Tools','',240,4,'product/hand_tools_1488820450.71.jpg','0,137,1000,887',NULL,NULL,NULL,NULL,'Hand Tools',NULL,NULL,NULL,NULL,NULL),(125,'Mixers','',310,4,'product/mixers_1488820524.83.jpg','20,0,1000,735',NULL,NULL,NULL,NULL,'Mixers',NULL,NULL,NULL,NULL,NULL),(126,'Muck Trucks','',320,4,'product/muck_trucks_1488815093.73.png','6,0,357,263',NULL,NULL,NULL,NULL,'Muck Trucks',NULL,NULL,NULL,NULL,NULL),(127,'Ok Chocolate Gold','',140,3,'product/ok_chocolate_gold_1488905773.53.jpg','0,0,640,480',NULL,NULL,NULL,NULL,'Ok Chocolate Gold',NULL,NULL,NULL,NULL,NULL),(128,'Arizona Rosa','',420,3,'product/arizona_rosa_1488905773.63.jpg','0,0,3456,2592',NULL,NULL,NULL,NULL,'Arizona Rosa',NULL,NULL,NULL,NULL,NULL),(129,'Lueders Buff','',530,3,'product/lueders_buff_1488897558.35.jpg','0,0,640,480',NULL,NULL,NULL,NULL,'Lueders Buff',NULL,NULL,NULL,NULL,NULL),(130,'Creme Fossil','',510,3,'product/creme_fossil_1488897625.1.jpg','0,0,640,480',NULL,NULL,NULL,NULL,'Creme Fossil',NULL,NULL,NULL,NULL,NULL),(131,'Bedrock Mix','',320,3,'product/bedrock_mix_1488905686.85.jpg','0,0,3456,2592',NULL,NULL,NULL,NULL,'Bedrock Mix',NULL,NULL,NULL,NULL,NULL),(132,'Chocolate Gold Blue','',310,3,'product/chocolate_gold_blue_1488905634.31.jpg','0,0,640,480',NULL,NULL,NULL,NULL,'Chocolate Gold Blue',NULL,NULL,NULL,NULL,NULL),(133,'Santa Fe Sunset Dark','',321,3,'product/santa_fe_sunset_dark_1488897962.7.jpg','0,0,640,480',NULL,NULL,NULL,NULL,'Santa Fe Sunset Dark',NULL,NULL,NULL,NULL,NULL);
/*!40000 ALTER TABLE `web_product` ENABLE KEYS */;
UNLOCK TABLES;

--
-- Table structure for table `web_project`
--

DROP TABLE IF EXISTS `web_project`;
/*!40101 SET @saved_cs_client     = @@character_set_client */;
/*!40101 SET character_set_client = utf8 */;
CREATE TABLE `web_project` (
  `id` int(11) NOT NULL AUTO_INCREMENT,
  `name` varchar(100) NOT NULL,
  `slug` varchar(100) NOT NULL,
  `sort_order` int(11) NOT NULL,
  `image` varchar(100),
  `cropped` varchar(255) NOT NULL,
  `type_id` int(11) NOT NULL,
  `long_description` longtext,
  `short_description` longtext,
  `long_description_en` longtext,
  `long_description_es` longtext,
  `name_en` varchar(100),
  `name_es` varchar(100),
  `short_description_en` longtext,
  `short_description_es` longtext,
  `slug_en` varchar(100),
  `slug_es` varchar(100),
  PRIMARY KEY (`id`),
  KEY `web_project_94757cae` (`type_id`),
  CONSTRAINT `web_project_type_id_bf6363fd_fk_web_projecttype_id` FOREIGN KEY (`type_id`) REFERENCES `web_projecttype` (`id`)
) ENGINE=InnoDB AUTO_INCREMENT=48 DEFAULT CHARSET=latin1;
/*!40101 SET character_set_client = @saved_cs_client */;

--
-- Dumping data for table `web_project`
--

LOCK TABLES `web_project` WRITE;
/*!40000 ALTER TABLE `web_project` DISABLE KEYS */;
INSERT INTO `web_project` VALUES (16,'Texas Sandstone','stone_turrets',500,'project/stone_turrets_1488292028.81.JPG','334,0,3406,2304',4,NULL,NULL,NULL,NULL,'Texas Sandstone','Torretas de piedra',NULL,NULL,'stone_turrets',''),(17,'Limestone','limestone_house',500,'project/limestone_1488292112.54.jpg','0,0,2048,1536',4,NULL,NULL,NULL,NULL,'Limestone','Casa de Caliza',NULL,NULL,'limestone_house',''),(18,'Oklahoma','oklahoma_house',500,'project/oklahoma_1488291624.5.JPG','522,0,3159,1974',4,NULL,NULL,NULL,NULL,'Oklahoma','Casa Oklahoma',NULL,NULL,'oklahoma_house',''),(19,'Oklahoma','office',500,'project/oklahoma_1488292737.7.jpg','0,0,3456,2592',4,NULL,NULL,NULL,NULL,'Oklahoma','Oficina',NULL,NULL,'office',''),(20,'Facade','arch',500,'project/facade_1488291923.03.jpg','0,0,640,480',4,NULL,NULL,NULL,NULL,'Facade','Arco',NULL,NULL,'arch',''),(21,'Ledge','entry',500,'project/ledge_1488292341.1.jpg','0,0,3456,2592',4,NULL,NULL,NULL,NULL,'Ledge','Entrada OK',NULL,NULL,'entry',''),(22,'Limestone','choc_arch',500,'project/limestone_1488291735.5.JPG','0,0,2816,2112',4,NULL,NULL,NULL,NULL,'Limestone','Archo Chocolate',NULL,NULL,'choc_arch',''),(24,'Oklahoma','ok_entry',500,'project/oklahoma_1488291309.16.jpg','0,0,3456,2592',4,NULL,NULL,NULL,NULL,'Oklahoma',NULL,NULL,NULL,'ok_entry',NULL),(25,'Limestone Pool','limestone_pool',110,'project/limestone_pool_1488895993.18.jpg','85,88,679,533',5,NULL,NULL,NULL,NULL,'Limestone Pool',NULL,NULL,NULL,'limestone_pool',NULL),(26,'Oklahoma Waterfall','ok_waterfall',120,'project/oklahoma_waterfall_1488896045.73.JPG','311,0,1718,1054',5,NULL,NULL,NULL,NULL,'Oklahoma Waterfall',NULL,NULL,NULL,'ok_waterfall',NULL),(27,'Disappearing Waterfall','ok_waterfall_1',240,'project/oklahoma_waterfall_1488896196.27.JPG','0,0,3456,2592',5,NULL,NULL,NULL,NULL,'Disappearing Waterfall',NULL,NULL,NULL,'ok_waterfall_1',NULL),(28,'Pool Grotto','grotto',140,'project/oklahoma_pool_1488896268.28.jpg','117,51,567,389',5,NULL,NULL,NULL,NULL,'Pool Grotto',NULL,NULL,NULL,'grotto',NULL),(29,'Limestone Fountain','limestone_fountain',210,'project/limestone_fountain_1488896537.34.JPG','0,0,3456,2592',5,NULL,NULL,NULL,NULL,'Limestone Fountain',NULL,NULL,NULL,'limestone_fountain',NULL),(30,'Oklahoma Pool','ok',220,'project/oklahoma_pool_1488896646.92.JPG','69,426,2822,2491',5,NULL,NULL,NULL,NULL,'Oklahoma Pool',NULL,NULL,NULL,'ok',NULL),(31,'Caramel Waterfall','a',230,'project/caramel_waterfall_1488896815.08.jpg','56,2,383,247',5,NULL,NULL,NULL,NULL,'Caramel Waterfall',NULL,NULL,NULL,'a',NULL),(32,'Landscape Feature','Landscape Feature',130,'project/landscape_feature_1488896899.52.jpg','49,0,2046,1500',5,NULL,NULL,NULL,NULL,'Landscape Feature',NULL,NULL,NULL,'Landscape Feature',NULL),(33,'Oklahoma Arch','a',500,'project/oklahoma_arch_1488899637.57.jpg','1244,703,3333,2269',7,NULL,NULL,NULL,NULL,'Oklahoma Arch',NULL,NULL,NULL,'a',NULL),(34,'Caramel Border','a',500,'project/caramel_border_1488899804.94.JPG','0,0,3456,2592',7,NULL,NULL,NULL,NULL,'Caramel Border',NULL,NULL,NULL,'a',NULL),(35,'Arch','Arch',500,'project/arch_1488900043.05.jpg','150,0,3456,2480',7,NULL,NULL,NULL,NULL,'Arch',NULL,NULL,NULL,'Arch',NULL),(36,'Limestone Boulder','a',500,'project/limestone_boulder_1488900126.09.jpg','0,220,338,474',7,NULL,NULL,NULL,NULL,'Limestone Boulder',NULL,NULL,NULL,'a',NULL),(37,'Gate','g',500,'project/gateg_1488900206.77.jpg','0,0,3456,2592',7,NULL,NULL,NULL,NULL,'Gate',NULL,NULL,NULL,'g',NULL),(38,'Bedrock Landscape','bl',500,'project/bedrock_landscape_1488900283.26.jpg','0,0,3456,2592',7,NULL,NULL,NULL,NULL,'Bedrock Landscape',NULL,NULL,NULL,'bl',NULL),(39,'Bedrock Walkway','bw',500,'project/bedrock_walkway_1488900365.62.jpg','0,0,3456,2592',7,NULL,NULL,NULL,NULL,'Bedrock Walkway',NULL,NULL,NULL,'bw',NULL),(40,'Santa Clara','sc',500,'project/santa_clara_1488900614.63.JPG','0,0,3456,2592',6,NULL,NULL,NULL,NULL,'Santa Clara',NULL,NULL,NULL,'sc',NULL),(41,'Buff / Peach','bp',500,'project/buff_/_peach_1488900742.28.jpg','0,1505,4900,5180',6,NULL,NULL,NULL,NULL,'Buff / Peach',NULL,NULL,NULL,'bp',NULL),(42,'Penn Full Color','a',500,'project/penn_full_color_1488900787.21.jpg','0,0,640,480',6,NULL,NULL,NULL,NULL,'Penn Full Color',NULL,NULL,NULL,'a',NULL),(43,'Pacific Blue','pb',500,'project/pacific_blue_1488900832.59.jpg','1394,1048,3452,2592',6,NULL,NULL,NULL,NULL,'Pacific Blue',NULL,NULL,NULL,'pb',NULL),(44,'Weathered','w',500,'project/weathered_1488901653.98.jpg','0,1267,1751,2580',6,NULL,NULL,NULL,NULL,'Weathered',NULL,NULL,NULL,'w',NULL),(45,'Oklahoma','a',500,'project/oklahoma_1488901728.22.jpg','83,2,550,353',6,NULL,NULL,NULL,NULL,'Oklahoma',NULL,NULL,NULL,'a',NULL),(46,'Mexican Creme','mc',500,'project/mexican_creme_1488901916.9.jpg','0,1750,7000,7000',6,NULL,NULL,NULL,NULL,'Mexican Creme',NULL,NULL,NULL,'mc',NULL),(47,'Oklahoma','ok',500,'project/oklahoma_1488904525.83.jpg','380,357,3345,2580',6,NULL,NULL,NULL,NULL,'Oklahoma',NULL,NULL,NULL,'ok',NULL);
/*!40000 ALTER TABLE `web_project` ENABLE KEYS */;
UNLOCK TABLES;

--
-- Table structure for table `web_projecttype`
--

DROP TABLE IF EXISTS `web_projecttype`;
/*!40101 SET @saved_cs_client     = @@character_set_client */;
/*!40101 SET character_set_client = utf8 */;
CREATE TABLE `web_projecttype` (
  `id` int(11) NOT NULL AUTO_INCREMENT,
  `name` varchar(100) NOT NULL,
  `slug` varchar(100) NOT NULL,
  `sort_order` int(11) NOT NULL,
  `image` varchar(100),
  `cropped` varchar(255) NOT NULL,
  `description` longtext,
  `long_description` longtext,
  `short_description` longtext,
  `long_description_en` longtext,
  `long_description_es` longtext,
  `name_en` varchar(100),
  `name_es` varchar(100),
  `short_description_en` longtext,
  `short_description_es` longtext,
  `slug_en` varchar(100),
  `slug_es` varchar(100),
  `description_en` longtext,
  `description_es` longtext,
  PRIMARY KEY (`id`)
) ENGINE=InnoDB AUTO_INCREMENT=8 DEFAULT CHARSET=latin1;
/*!40101 SET character_set_client = @saved_cs_client */;

--
-- Dumping data for table `web_projecttype`
--

LOCK TABLES `web_projecttype` WRITE;
/*!40000 ALTER TABLE `web_projecttype` DISABLE KEYS */;
INSERT INTO `web_projecttype` VALUES (4,'Exterior Stone','exterior_stone',500,'projecttype/exterior_stone_1460045304.25.jpg','133,0,670,402','Bedrock Stone & Design carries a large assortment of natural stone products that look great on the exterior of your residential or commercial building. Browse a few examples of our products below.','Bedrock Stone & Design carries a large assortment of natural stone products that look great on the exterior of your residential or commercial building. Browse a few examples of our products below.',NULL,'Bedrock Stone & Design carries a large assortment of natural stone products that look great on the exterior of your residential or commercial building. Browse a few examples of our products below.','Lecho de roca de piedra y diseo conlleva un gran surtido de productos de piedra natural que se ven muy bien en el exterior de su edificio residencial o comercial. Explorar algunos ejemplos de nuestros productos abajo.','Exterior Stone','Piedra exterior',NULL,NULL,'exterior_stone','exterior_stone','Bedrock Stone & Design carries a large assortment of natural stone products that look great on the exterior of your residential or commercial building. Browse a few examples of our products below.','Lecho de roca de piedra y diseo conlleva un gran surtido de productos de piedra natural que se ven muy bien en el exterior de su edificio residencial o comercial. Explorar algunos ejemplos de nuestros productos abajo.'),(5,'Water Features','water_features',500,'projecttype/water_features_1488294751.36.jpg','269,0,4493,3168','Water and Natural stone compliment each other well in any design. Browse some examples of water features designed with products from Bedrock Stone and Design.','Water and Natural stone compliment each other well in any design. Browse some examples of water features designed with products from Bedrock Stone and Design.','Water and Natural stone compliment each other well in any design. Browse some examples of water features designed with products from Bedrock Stone and Design.','Water and Natural stone compliment each other well in any design. Browse some examples of water features designed with products from Bedrock Stone and Design.',NULL,'Water Features',NULL,'Water and Natural stone compliment each other well in any design. Browse some examples of water features designed with products from Bedrock Stone and Design.',NULL,'water_features',NULL,'Water and Natural stone compliment each other well in any design. Browse some examples of water features designed with products from Bedrock Stone and Design.',NULL),(6,'Patio','patio',3,'projecttype/patio_1488295439.78.jpg','0,0,640,480','Browse a few designs of patios using Bedrock Stone\'s products.','Browse a few designs of patios using Bedrock Stone\'s products.','Browse a few designs of patios using Bedrock Stone\'s products.','Browse a few designs of patios using Bedrock Stone\'s products.',NULL,'Patio',NULL,'Browse a few designs of patios using Bedrock Stone\'s products.',NULL,'patio',NULL,'Browse a few designs of patios using Bedrock Stone\'s products.',NULL),(7,'Landscape','landscape',4,'projecttype/water_features_1488295571.34.jpg','0,0,3456,2592','Browse landscapes using products from Bedrock Stone & Design.','Browse landscapes using products from Bedrock Stone & Design.','Browse landscapes using products from Bedrock Stone & Design.','Browse landscapes using products from Bedrock Stone & Design.',NULL,'Landscape',NULL,'Browse landscapes using products from Bedrock Stone & Design.',NULL,'landscape',NULL,'Browse landscapes using products from Bedrock Stone & Design.',NULL);
/*!40000 ALTER TABLE `web_projecttype` ENABLE KEYS */;
UNLOCK TABLES;

--
-- Table structure for table `web_staffmember`
--

DROP TABLE IF EXISTS `web_staffmember`;
/*!40101 SET @saved_cs_client     = @@character_set_client */;
/*!40101 SET character_set_client = utf8 */;
CREATE TABLE `web_staffmember` (
  `id` int(11) NOT NULL AUTO_INCREMENT,
  `name` varchar(100) NOT NULL,
  `slug` varchar(100) NOT NULL,
  `sort_order` int(11) NOT NULL,
  `email` varchar(75) DEFAULT NULL,
  `image` varchar(100),
  `show_on_contact_us` tinyint(1) NOT NULL,
  `cropped` varchar(255) NOT NULL,
  `long_description` longtext,
  `short_description` longtext,
  `title` varchar(100),
  `long_description_en` longtext,
  `long_description_es` longtext,
  `name_en` varchar(100),
  `name_es` varchar(100),
  `short_description_en` longtext,
  `short_description_es` longtext,
  `slug_en` varchar(100),
  `slug_es` varchar(100),
  PRIMARY KEY (`id`)
) ENGINE=InnoDB AUTO_INCREMENT=4 DEFAULT CHARSET=latin1;
/*!40101 SET character_set_client = @saved_cs_client */;

--
-- Dumping data for table `web_staffmember`
--

LOCK TABLES `web_staffmember` WRITE;
/*!40000 ALTER TABLE `web_staffmember` DISABLE KEYS */;
INSERT INTO `web_staffmember` VALUES (1,'Kerzon Nickens','',1,NULL,'product/no_image.jpeg',1,'0,28,225,197',NULL,NULL,'Owner / President',NULL,NULL,'Kerzon Nickens',NULL,NULL,NULL,NULL,NULL),(2,'Matt Teifke','',2,NULL,'product/no_image.jpeg',1,'0,28,225,197',NULL,NULL,'General Manager',NULL,NULL,'Matt Teifke',NULL,NULL,NULL,NULL,NULL),(3,'Melissa Soliz','',3,NULL,'product/no_image.jpeg',1,'0,28,225,197',NULL,NULL,'Accounting Manager',NULL,NULL,'Melissa Soliz',NULL,NULL,NULL,NULL,NULL);
/*!40000 ALTER TABLE `web_staffmember` ENABLE KEYS */;
UNLOCK TABLES;
/*!40103 SET TIME_ZONE=@OLD_TIME_ZONE */;

/*!40101 SET SQL_MODE=@OLD_SQL_MODE */;
/*!40014 SET FOREIGN_KEY_CHECKS=@OLD_FOREIGN_KEY_CHECKS */;
/*!40014 SET UNIQUE_CHECKS=@OLD_UNIQUE_CHECKS */;
/*!40101 SET CHARACTER_SET_CLIENT=@OLD_CHARACTER_SET_CLIENT */;
/*!40101 SET CHARACTER_SET_RESULTS=@OLD_CHARACTER_SET_RESULTS */;
/*!40101 SET COLLATION_CONNECTION=@OLD_COLLATION_CONNECTION */;
/*!40111 SET SQL_NOTES=@OLD_SQL_NOTES */;

-- Dump completed on 2017-03-07 19:04:40
